预测涨跌幅(小数),预测stress概率,动态r,动态杠杆(1/(1-r)),stress-10%(首日),真实涨跌幅(小数),涨跌幅事件(真实<阈值),最差跌幅(首日),最差跌幅(0-5日),最差跌幅(0-10日),最差跌幅(0-15日),证券代码,证券简称,上市日期,所属Wind行业名称
0.06780742773281426,0.5119017810760578,0.28452455473098553,1.3976720048358977,1,0.0104166666666667,0,-0.20824656393169516,-0.20824656393169516,-0.20824656393169516,-0.20824656393169516,3317.HK,迅策,2025-12-30,信息技术
0.19797772287150928,0.11145848068560037,0.41000000000000003,1.6949152542372883,0,0.092966439501093,0,0.0,-0.08235294117647063,-0.08235294117647063,-0.08235294117647063,2657.HK,林清轩,2025-12-30,医疗保健
0.01930830808525593,0.33558524967978776,0.3,1.4285714285714286,0,0.076056338028169,0,-0.09866017052375153,-0.24725943970767372,-0.24725943970767372,-0.24725943970767372,2671.HK,美联股份,2025-12-30,工业
0.129603904610681,0.17696010956847888,0.41000000000000003,1.6949152542372883,0,0.0006775067750677121,0,0.0,0.0,0.0,0.0,6600.HK,卧安机器人,2025-12-30,信息技术
0.46168380955411104,0.6308575649002047,0.2947856087749488,1.4180084984693335,1,0.246569646569647,0,-0.14342857142857146,-0.14342857142857146,-0.14342857142857146,-0.14342857142857146,3696.HK,英矽智能,2025-12-30,医疗保健
0.19607945818799244,0.21051862943733404,0.41000000000000003,1.6949152542372883,0,0.299016393442623,0,0.0,0.0,0.0,0.0,6651.HK,五一视界,2025-12-30,信息技术
-0.102239751212611,0.6928874920320475,0.20140833864530167,1.2522044098277219,1,-0.4625,1,-0.40484429065743943,-0.40484429065743943,-0.5335640138408304,-0.5335640138408304,3378.HK,翰思艾泰-B,2025-12-23,医疗保健
0.9402805988593285,0.2177555888142197,0.45,1.8181818181818181,0,1.58818342151675,0,-0.020000000000000018,-0.020000000000000018,-0.020000000000000018,-0.020000000000000018,2661.HK,轻松健康,2025-12-23,金融
0.960117434825423,0.14349608712316908,0.41000000000000003,1.6949152542372883,0,3.6375,0,-0.03064415259537212,-0.03064415259537212,-0.03064415259537212,-0.03064415259537212,2635.HK,诺比侃,2025-12-23,信息技术
-0.09260657523612154,0.21982842052620005,0.38,1.6129032258064517,0,-0.241666666666667,1,-0.04709748083242071,-0.08762322015334068,-0.08762322015334068,-0.08762322015334068,2691.HK,南华期货股份,2025-12-22,金融
-0.13840518690022166,0.5285123434442048,0.2603719141389488,1.3520308640468028,1,-0.293193717277487,1,-0.20118343195266264,-0.35443786982248515,-0.5233727810650888,-0.6479289940828402,2396.HK,华芢生物-B,2025-12-22,医疗保健
-0.23409011469996233,0.8723069370540135,0.0,1.0,1,-0.352777777777778,1,-0.2852760736196318,-0.38650306748466257,-0.4171779141104295,-0.4171779141104295,2695.HK,印象大红袍,2025-12-22,通讯服务
-0.2252403021580941,0.7089570558383148,0.15069529610779014,1.1774337236296712,1,-0.49464668094218406,1,-0.27384615384615385,-0.29076923076923067,-0.3753846153846154,-0.39076923076923076,2581.HK,明基医院,2025-12-22,医疗保健
-0.09690486464745623,0.5899486153441117,0.20501284616397208,1.2578819609533685,1,-0.136882129277567,1,-0.1711026615969582,-0.1711026615969582,-0.1711026615969582,-0.1718631178707224,3881.HK,希迪智驾,2025-12-19,信息技术
0.5810526919949885,0.7079341856560949,0.2313772095626034,1.3010282968983196,1,0.9068736141906869,0,-0.2592592592592593,-0.2870370370370371,-0.2870370370370371,-0.2870370370370371,2546.HK,智汇矿业,2025-12-19,材料
-0.00769937911558992,0.3189625289253401,0.32999999999999996,1.4925373134328357,0,-0.00149700598802392,1,-0.08656716417910448,-0.24029850746268666,-0.24029850746268666,-0.24029850746268666,3887.HK,HASHKEY HLDGS,2025-12-17,信息技术
1.181497476782219,0.29533797751721036,0.35,1.5384615384615383,0,1.1791044776119401,0,-0.004210526315789331,-0.0652631578947368,-0.0652631578947368,-0.0652631578947368,2655.HK,果下科技,2025-12-16,信息技术
0.061233213993360326,0.12470935695597243,0.41000000000000003,1.6949152542372883,0,0.0,0,-0.026153846153846194,-0.026153846153846194,-0.026153846153846194,-0.026153846153846194,7618.HK,京东工业,2025-12-11,可选消费
0.09113922837921232,0.2285971878391714,0.4,1.6666666666666667,0,0.33,0,-0.09090909090909094,-0.09090909090909094,-0.09090909090909094,-0.09090909090909094,2665.HK,图达通,2025-12-10,可选消费
1.2244234360468076,0.21206998334417468,0.45,1.8181818181818181,0,1.3881728582259298,0,-0.07438016528925617,-0.07438016528925617,-0.07438016528925617,-0.07438016528925617,2659.HK,宝济药业-B,2025-12-10,医疗保健
0.06499153654018829,0.1354971148125021,0.38,1.6129032258064517,0,-0.0431034482758621,1,-0.09310344827586203,-0.10258620689655173,-0.10258620689655173,-0.10258620689655173,2676.HK,纳芯微,2025-12-08,信息技术
0.925612531941616,0.44305596180993156,0.30999999999999994,1.4492753623188404,0,0.8725925925925929,0,-0.019138755980861122,-0.019138755980861122,-0.019138755980861122,-0.019138755980861122,2687.HK,卓越睿新,2025-12-08,信息技术
-0.05553644156716922,0.161825472688233,0.4,1.6666666666666667,0,-0.278409090909091,1,-0.0039999999999998925,-0.04399999999999993,-0.04399999999999993,-0.05600000000000005,2408.HK,遇见小面,2025-12-05,可选消费
-0.08955902469879344,0.16998456357517536,0.36,1.5625,0,-0.301724137931034,1,0.0,0.0,0.0,0.0,2658.HK,天域半导体,2025-12-05,信息技术
0.04621288570497863,0.86592058408392,0.0,1.0,1,0.0219178082191781,0,-0.22043010752688175,-0.3516129032258065,-0.3548387096774194,-0.44516129032258067,2693.HK,金岩高岭新材,2025-12-03,材料
0.3408983725868615,0.8405081242678719,0.0,1.0,1,0.3625,0,-0.2391975308641976,-0.2391975308641976,-0.2391975308641976,-0.2391975308641976,2539.HK,乐摩科技,2025-12-03,可选消费
0.022039621576202775,0.8697072539998747,0.0,1.0,1,-0.2296918767507,1,-0.18518518518518523,-0.2577777777777778,-0.2577777777777778,-0.2577777777777778,9609.HK,海伟股份,2025-11-28,信息技术
0.7639810627046845,0.7444484390816887,0.19703437394554088,1.245383323460197,1,0.887755102040816,0,-0.2961538461538461,-0.35769230769230775,-0.35769230769230775,-0.35769230769230775,2685.HK,量化派,2025-11-27,信息技术
0.21411846100618623,0.21256160033137722,0.5,2.0,0,0.32757051865332104,0,-0.06710526315789467,-0.11118421052631577,-0.11118421052631577,-0.11118421052631577,2788.HK,创新实业,2025-11-24,材料
0.06990116225440605,0.1102066401523276,0.41000000000000003,1.6949152542372883,0,-0.00117647058823527,1,-0.05882352941176472,-0.1688235294117647,-0.1758823529411765,-0.18823529411764706,2579.HK,中伟新材,2025-11-17,材料
0.5127845031390305,0.237905922349441,0.47,1.8867924528301885,0,0.25954198473282397,0,-0.05660377358490554,-0.12807318467695816,-0.18582046883933667,-0.18582046883933667,2698.HK,乐舒适,2025-11-10,可选消费
-0.013569259553027522,0.03750612909782288,0.4,1.6666666666666667,0,-0.08000000000000011,1,-0.07674418604651156,-0.1953488372093023,-0.2186046511627907,-0.3358139534883722,0699.HK,均胜电子,2025-11-06,可选消费
-0.1159234732630696,0.20389011841460683,0.39,1.639344262295082,0,-0.0996309963099632,1,-0.0792634107285829,-0.19935948759007205,-0.23899119295436344,-0.26461168935148116,0800.HK,文远知行-W,2025-11-06,信息技术
-0.059761040887830665,0.13183545352120646,0.39,1.639344262295082,0,-0.0928057553956835,1,-0.041935483870967794,-0.13709677419354838,-0.2657258064516129,-0.3096774193548387,2026.HK,小马智行-W,2025-11-06,信息技术
1.2424230354471755,0.5932679490480275,0.3141830127379931,1.4581149469515309,1,1.45729697332934,0,-0.1394736842105263,-0.4631578947368421,-0.4631578947368421,-0.4631578947368421,2630.HK,旺山旺水-B,2025-11-06,医疗保健
0.082677484754222,0.04766961596170165,0.41000000000000003,1.6949152542372883,0,0.0,0,-0.08456167571761064,-0.12412723041117146,-0.16214119472459276,-0.16214119472459276,9927.HK,赛力斯,2025-11-05,可选消费
0.9688786241953535,0.411310927085452,0.32999999999999996,1.4925373134328357,0,1.06099290780142,0,-0.02857142857142858,-0.30214285714285716,-0.30214285714285716,-0.3978571428571429,2718.HK,明略科技-W,2025-11-03,信息技术
0.4177350398734711,0.08366080781273451,0.44,1.7857142857142856,0,0.33855981416957,0,-0.04042553191489362,-0.16489361702127658,-0.2329787234042554,-0.2329787234042554,6166.HK,剑桥科技,2025-10-28,信息技术
0.07384743651260754,0.028925799172909793,0.49000000000000005,1.9607843137254901,0,0.028169014084506897,0,0.0,0.0,0.0,0.0,6031.HK,三一重工,2025-10-28,工业
0.6343660736967384,0.28408788354009074,0.32999999999999996,1.4925373134328357,0,0.867,0,-0.0012484394506865337,-0.0012484394506865337,-0.2833957553058676,-0.3855181023720349,6980.HK,八马茶业,2025-10-28,可选消费
1.0913746266633628,0.578228325212506,0.31794291869687347,1.466152947330181,0,1.5056264066016498,0,-0.07787610619469021,-0.07787610619469021,-0.07787610619469021,-0.07787610619469021,1384.HK,滴普科技,2025-10-28,信息技术
-0.0020903064780845916,0.45519202873701653,0.29870199281574583,1.425927337245758,1,-0.117209302325581,1,-0.12139534883720926,-0.19720930232558131,-0.19720930232558131,-0.19720930232558131,0638.HK,广和通,2025-10-22,信息技术
0.5030136829281335,0.19463153914896253,0.44,1.7857142857142856,0,0.23856209150326801,0,-0.07631578947368423,-0.16842105263157892,-0.17368421052631577,-0.17368421052631577,6687.HK,聚水潭,2025-10-21,信息技术
0.2373476609359086,0.21822112289772622,0.39,1.639344262295082,0,0.20601851851851802,0,-0.019607843137254943,-0.044117647058823484,-0.044117647058823484,-0.044117647058823484,2637.HK,海西新药,2025-10-20,医疗保健
0.7627826397958161,0.7833124686556868,0.1511250208962088,1.1780297742498673,1,0.260460251046025,0,-0.15896358543417377,-0.2717086834733894,-0.2717086834733894,-0.2717086834733894,2670.HK,云迹,2025-10-16,工业
0.9675131535517945,0.6735963114099168,0.2542691257267221,1.3409663385259594,1,1.2672413793103399,0,-0.10726408689748812,-0.19144602851323833,-0.19144602851323833,-0.19144602851323833,2575.HK,轩竹生物-B,2025-10-15,医疗保健
1.6480307318939738,0.39821949706532495,0.32999999999999996,1.4925373134328357,0,1.9213986849970102,0,-0.09894736842105267,-0.09894736842105267,-0.10473684210526324,-0.10473684210526324,2650.HK,挚达科技,2025-10-10,公用事业
1.4587001559209127,0.7672110434369643,0.2168593043753571,1.2769097629416224,1,3.3,0,-0.33333333333333337,-0.72,-0.81,-0.8533333333333333,8549.HK,金叶国际集团,2025-10-10,工业
1.1680292973987947,0.6819887526470774,0.24867416490194838,1.3309804525349447,1,1.6101694915254199,0,-0.20297872340425527,-0.39148936170212767,-0.4212765957446809,-0.4212765957446809,2652.HK,长风药业,2025-10-08,医疗保健
0.35398708480363406,0.19695190041826355,0.41000000000000003,1.6949152542372883,0,0.535752714467377,0,-0.03629629629629638,-0.03629629629629638,-0.03629629629629638,-0.03629629629629638,2889.HK,博泰车联,2025-09-30,信息技术
0.3888484484094387,0.08651165136263912,0.47,1.8867924528301885,0,0.684592820226288,0,-0.004484304932735439,-0.004484304932735439,-0.004484304932735439,-0.004484304932735439,2259.HK,紫金黄金国际,2025-09-30,材料
1.3090718001457813,0.25986209317787884,0.32999999999999996,1.4925373134328357,0,2.5810810810810803,0,-0.04761904761904767,-0.04761904761904767,-0.04761904761904767,-0.04761904761904767,2583.HK,西普尼,2025-09-30,可选消费
-0.005012283805229031,0.2969920983424948,0.32999999999999996,1.4925373134328357,0,0.0380487804878049,0,-0.07251461988304109,-0.08713450292397673,-0.08713450292397673,-0.08713450292397673,9973.HK,奇瑞汽车,2025-09-25,可选消费
0.696128893376173,0.6740154283355518,0.22398971444296548,1.2886427133915905,1,0.43960674157303403,0,-0.12250996015936266,-0.12250996015936266,-0.12250996015936266,-0.12250996015936266,6090.HK,不同集团,2025-09-23,日常消费
1.0677130652755107,0.3748680296385883,0.36,1.5625,0,1.06473761647867,0,-0.045454545454545414,-0.14727272727272722,-0.14727272727272722,-0.14727272727272722,2595.HK,劲方医药-B,2025-09-19,医疗保健
0.7398945905499582,0.6184032373145046,0.2878991906713738,1.4042955532416923,1,1.37342304457527,0,-0.13208805870580387,-0.13208805870580387,-0.13208805870580387,-0.13208805870580387,2656.HK,健康160,2025-09-17,医疗保健
0.15126370354858198,0.3071546514071335,0.31,1.4492753623188408,0,0.0996240601503759,0,0.0,-0.013961605584642212,-0.016579406631762605,-0.05061082024432806,2525.HK,禾赛-W,2025-09-16,信息技术
0.4803488237104377,0.8154585538444914,0.0,1.0,1,0.14949494949494901,0,-0.1644444444444445,-0.26814814814814814,-0.26814814814814814,-0.26814814814814814,2543.HK,大行科工,2025-09-09,可选消费
-0.08058628910907135,0.254828793196721,0.31999999999999995,1.4705882352941175,0,-0.05396096440872569,1,-0.026086956521739202,-0.03105590062111807,-0.11801242236024856,-0.12111801242236031,2580.HK,奥克斯电气,2025-09-02,可选消费
1.3605329486263715,0.4799144620947602,0.3825213844763099,1.6194892824780491,0,1.77838827838828,0,0.0,0.0,0.0,0.0,3858.HK,佳鑫国际资源,2025-08-28,材料
0.3416037853992928,0.7899375742371139,0.19170828384192412,1.2371770983292276,1,0.312887663680221,0,-0.1617777777777778,-0.1617777777777778,-0.24444444444444446,-0.24444444444444446,6960.HK,双登股份,2025-08-26,工业
0.3665040405740184,0.260476390649325,0.33999999999999997,1.5151515151515151,0,0.06401869158878509,0,-0.013157894736842146,-0.05701754385964919,-0.06052631578947365,-0.10482456140350882,2631.HK,天岳先进,2025-08-20,信息技术
1.4596774724132273,0.6346565950273305,0.3138358512431674,1.4573772206137028,1,2.06477516059957,0,-0.3125,-0.3125,-0.3125,-0.39416666666666667,2591.HK,银诺医药-B,2025-08-15,医疗保健
1.2974549734676493,0.30225140761919184,0.35,1.5384615384615383,0,1.57984496124031,0,0.0,0.0,0.0,0.0,2627.HK,中慧生物-B,2025-08-11,医疗保健
0.14442128432017243,0.10905770888410744,0.39,1.639344262295082,0,,0,0.0,-0.09565217391304348,-0.09565217391304348,-0.15895652173913044,6887.HK,东阳光药,2025-08-07,医疗保健
0.921599552163136,0.2563941645172513,0.33999999999999997,1.5151515151515151,0,0.9171428571428569,0,-0.07320441988950288,-0.1270718232044199,-0.1270718232044199,-0.1270718232044199,9887.HK,维立志博-B,2025-07-25,医疗保健
0.13124328013411252,0.03851742030855086,0.41000000000000003,1.6949152542372883,0,0.160165975103735,0,-0.021406727828746308,-0.021406727828746308,-0.021406727828746308,-0.021406727828746308,1304.HK,峰岹科技,2025-07-09,信息技术
0.10942156260783344,0.09740556721232906,0.5,2.0,0,0.0913091309130913,0,-0.018008474576271194,-0.03072033898305071,-0.03072033898305071,-0.03072033898305071,6613.HK,蓝思科技,2025-07-09,信息技术
0.2506695870133595,0.7136254120943569,0.18758305860376207,1.230895060215482,1,0.035,0,-0.1395833333333334,-0.2991666666666667,-0.2991666666666667,-0.2991666666666667,2651.HK,大众口腔,2025-07-09,医疗保健
0.13347057551648084,0.18901498530145072,0.45000000000000007,1.8181818181818183,0,0.0535714285714285,0,-0.04970414201183426,-0.04970414201183426,-0.04970414201183426,-0.04970414201183426,2590.HK,极智嘉-W,2025-07-09,信息技术
0.13124533392690957,0.6953239940360537,0.19978400397596421,1.2496625973094937,1,0.00221402214022136,0,-0.15977961432506893,-0.15977961432506893,-0.15977961432506893,-0.15977961432506893,2597.HK,讯众通信,2025-07-09,信息技术
0.14126369798363758,0.15700100854742266,0.42000000000000004,1.7241379310344829,0,0.010526315789473599,0,-0.025000000000000022,-0.025000000000000022,-0.025000000000000022,-0.025000000000000022,1828.HK,富卫集团,2025-07-07,金融
-0.037938099071578246,0.11898550735952018,0.39,1.639344262295082,0,-0.05,1,-0.050000000000000044,-0.050000000000000044,-0.050000000000000044,-0.050000000000000044,2648.HK,安井食品,2025-07-04,日常消费
-0.21234471338120592,0.755703138366804,0.14453124108879734,1.1689497595128422,1,-0.38613861386138604,1,-0.41052631578947374,-0.4157894736842106,-0.4157894736842106,-0.42105263157894735,2592.HK,拨康视云-B,2025-07-03,医疗保健
0.0643476398282942,0.11762141463884278,0.4,1.6666666666666667,0,0.00653594771241828,0,-0.0726072607260726,-0.0726072607260726,-0.0726072607260726,-0.0726072607260726,3880.HK,泰德医药,2025-06-30,医疗保健
0.4826569580871468,0.696702884722122,0.2388647435185853,1.3138269334977493,1,0.42086330935251803,0,-0.13439635535307515,-0.13439635535307515,-0.13439635535307515,-0.2027334851936219,6603.HK,IFBH,2025-06-30,日常消费
0.28916865185851065,0.25180157194570063,0.29,1.4084507042253522,0,0.44585365853658504,0,-0.034146341463414664,-0.034146341463414664,-0.034146341463414664,-0.034146341463414664,9678.HK,云知声,2025-06-30,信息技术
-0.12408094055214218,0.7479822332456557,0.21467851116956288,1.2733638569973158,1,-0.166666666666667,1,-0.12790697674418605,-0.22868217054263573,-0.22868217054263573,-0.22868217054263573,6883.HK,颖通控股,2025-06-26,日常消费
0.187675609728766,0.24227381278035465,0.45000000000000007,1.8181818181818183,0,0.33738601823708203,0,0.0,-0.22721893491124245,-0.280473372781065,-0.280473372781065,2508.HK,圣贝拉,2025-06-26,日常消费
0.19597481169838743,0.38561011345551804,0.32,1.4705882352941178,0,0.25,0,0.0,0.0,0.0,0.0,6168.HK,周六福,2025-06-26,可选消费
-0.09597319876679807,0.6068033025043664,0.25079917437390836,1.3347556032981154,0,-0.118881118881119,1,-0.05283018867924538,-0.1320754716981133,-0.1471698113207548,-0.17358490566037732,2619.HK,香江电器,2025-06-25,可选消费
-0.09458381401950375,0.3035170163835362,0.27999999999999997,1.3888888888888888,0,-0.14163090128755398,1,-0.02810650887573951,-0.02810650887573951,-0.02810650887573951,-0.02810650887573951,2643.HK,曹操出行,2025-06-25,信息技术
0.07744148426663186,0.10782296777895546,0.49000000000000005,1.9607843137254901,0,-0.00133155792276969,1,-0.011933174224343701,-0.011933174224343701,-0.011933174224343701,-0.011933174224343701,2050.HK,三花智控,2025-06-23,工业
0.2734081324241353,0.2393156759774526,0.42000000000000004,1.7241379310344829,0,0.42180094786729905,0,-0.04571428571428571,-0.04571428571428571,-0.04571428571428571,-0.04571428571428571,2609.HK,佰泽医疗,2025-06-23,医疗保健
0.8576693040450786,0.28389051032555895,0.32999999999999996,1.4925373134328357,0,0.787072243346008,0,-0.06697459584295606,-0.06697459584295606,-0.06697459584295606,-0.06697459584295606,2617.HK,药捷安康-B,2025-06-23,医疗保健
0.13283603865486157,0.10306262943566478,0.45000000000000007,1.8181818181818183,0,0.00550964187327832,0,-0.03866666666666674,-0.14533333333333343,-0.14533333333333343,-0.14533333333333343,3288.HK,海天味业,2025-06-19,日常消费
0.4168644056000004,0.796353678652476,0.16243088089834937,1.1939313152717084,1,0.214285714285714,0,-0.26942148760330575,-0.4803305785123967,-0.5041322314049587,-0.5239669421487603,2573.HK,新琪安,2025-06-10,材料
-0.011219166285862009,0.6123148995256358,0.25942127511859103,1.3502953385004854,1,-0.30256410256410304,1,-0.10526315789473684,-0.23684210526315785,-0.23684210526315785,-0.23684210526315785,2605.HK,METALIGHT,2025-06-10,工业
0.4543599051197933,0.8378417769731827,0.0,1.0,1,0.42,0,-0.2096385542168676,-0.3012048192771085,-0.344578313253012,-0.344578313253012,9881.HK,容大科技,2025-06-10,材料
0.015545874043616115,0.8067827619715142,0.0,1.0,1,-0.18193069306930698,1,-0.11866666666666659,-0.2533333333333334,-0.28400000000000003,-0.32799999999999996,2621.HK,手回集团,2025-05-30,金融
0.3238414226533423,0.09549427839755245,0.47,1.8867924528301885,0,0.390625,0,-0.07272727272727275,-0.12454545454545451,-0.12454545454545451,-0.12454545454545451,2603.HK,吉宏股份,2025-05-27,可选消费
-0.12456528104085844,0.6941105548911893,0.20059296340587376,1.250927192560751,1,-0.258974358974359,1,-0.13692307692307693,-0.23076923076923073,-0.28076923076923077,-0.30461538461538473,2565.HK,派格生物医药-B,2025-05-27,医疗保健
0.28649145832039324,0.036421180193309956,0.45000000000000007,1.8181818181818183,0,0.251986379114642,0,-0.03245614035087718,-0.07894736842105265,-0.07894736842105265,-0.07894736842105265,1276.HK,恒瑞医药,2025-05-23,医疗保健
0.17268985107901663,0.4773953647289277,0.3031511588177681,1.4350314457055853,0,0.28755364806867,0,0.0,0.0,-0.0672413793103448,-0.0672413793103448,2629.HK,MIRXES-B,2025-05-23,医疗保健
0.20328393884491944,0.1102882288389717,0.42000000000000004,1.7241379310344829,0,0.16425855513308002,0,-0.016891891891891886,-0.016891891891891886,-0.016891891891891886,-0.016891891891891886,3750.HK,宁德时代,2025-05-20,工业
-0.08224208264446489,0.6695343329052338,0.2419771113965108,1.3192213784498077,1,-0.125173852573018,1,-0.12517385257301816,-0.1682892906815021,-0.19610570236439495,-0.19610570236439495,6831.HK,绿茶集团,2025-05-16,可选消费
0.042954053856294194,0.2775742102340988,0.3,1.4285714285714286,0,0.20090293453724598,0,-0.0045045045045044585,-0.0045045045045044585,-0.0045045045045044585,-0.0045045045045044585,2865.HK,钧达股份,2025-05-08,工业
0.5555352035245414,0.6954888590572403,0.20967409396183978,1.2653007985185745,1,0.4002828854314,0,-0.2025183630640084,-0.38614900314795386,-0.38614900314795386,-0.38614900314795386,2589.HK,沪上阿姨,2025-05-08,可选消费
0.30886456313503924,0.6399497073489215,0.28251257316276956,1.3937526465210943,1,0.383333333333333,0,-0.18965517241379315,-0.2068965517241379,-0.2068965517241379,-0.2068965517241379,1333.HK,博雷顿,2025-05-07,工业
0.4114309308409608,0.1803062001307157,0.43,1.7543859649122806,0,1.16701902748414,0,0.0,-0.012154696132596676,-0.012154696132596676,-0.012154696132596676,9606.HK,映恩生物-B,2025-04-15,医疗保健
0.04665089879913181,0.27695596731784305,0.28,1.3888888888888888,0,0.014510278113664,0,-0.015366430260047359,-0.07801418439716323,-0.07801418439716323,-0.07801418439716323,3677.HK,正力新能,2025-04-14,工业
0.04809990488562477,0.7504588888250281,0.1880274074499813,1.2315686627543385,1,0.0,0,-0.30523255813953487,-0.3168604651162791,-0.41860465116279066,-0.41860465116279066,2625.HK,江苏宏信,2025-03-31,日常消费
0.10516992316204926,0.4255392619253855,0.4,1.6666666666666667,0,0.313725490196078,0,-0.010204081632653073,-0.020408163265306145,-0.020408163265306145,-0.12244897959183676,2569.HK,舒宝国际,2025-03-27,日常消费
-0.0522279433848366,0.17314656544916243,0.39,1.639344262295082,0,-0.0507518796992482,1,-0.050751879699248215,-0.1221804511278195,-0.1221804511278195,-0.23308270676691734,2610.HK,南山铝业国际,2025-03-25,材料
0.12077357381570403,0.04352746280190972,0.39,1.639344262295082,0,0.0,0,-0.05813953488372092,-0.23401162790697672,-0.2696220930232558,-0.27034883720930225,2561.HK,维昇药业-B,2025-03-21,医疗保健
-0.05068338358002921,0.10392925840098265,0.43000000000000005,1.7543859649122808,0,0.0,0,-0.013119533527696903,-0.10204081632653061,-0.10204081632653061,-0.10204081632653061,6693.HK,赤峰黄金,2025-03-10,材料
0.09110553249401164,0.4765315964853522,0.2733671008786619,1.3762107402640644,1,0.0019999999999999597,0,-0.31458699472759233,-0.47275922671353254,-0.47275922671353254,-0.47275922671353254,6676.HK,找钢集团-W,2025-03-10,信息技术
0.40094296448047423,0.5533858262746532,0.31415354343133667,1.4580522949744006,0,0.432098765432099,0,-0.022900763358778664,-0.022900763358778664,-0.022900763358778664,-0.022900763358778664,2097.HK,蜜雪集团,2025-03-03,可选消费
0.038676637125116146,0.6378866288600388,0.34302834278499034,1.5221356797021246,1,-0.0643863179074445,1,-0.10699999999999998,-0.17799999999999994,-0.17799999999999994,-0.17799999999999994,1364.HK,古茗,2025-02-12,可选消费
0.04940467638257557,0.4243376382298397,0.3,1.4285714285714286,0,0.014626635873749001,0,-0.021052631578947434,-0.022556390977443663,-0.022556390977443663,-0.052631578947368474,2571.HK,赛目科技,2025-01-15,信息技术
0.04369865031790737,0.3072681803713619,0.31,1.4492753623188408,0,0.00772200772200773,0,0.0,0.0,0.0,0.0,2596.HK,宜宾银行,2025-01-13,金融
0.037185087961106936,0.4476117711870161,0.3,1.4285714285714286,0,-0.228346456692913,1,-0.08163265306122447,-0.20408163265306123,-0.20408163265306123,-0.20408163265306123,0805.HK,新吉奥房车,2025-01-13,可选消费
-0.1618377725102509,0.7871492273311236,0.18856718177925097,1.232387916220504,1,-0.1375,1,-0.26582278481012667,-0.35443037974683544,-0.35443037974683544,-0.35443037974683544,2530.HK,纽曼思,2025-01-10,医疗保健
0.5674744264204238,0.7786251641000287,0.1842498905999809,1.2258656032979216,1,0.408450704225352,0,-0.22536496350364954,-0.25273722627737216,-0.25273722627737216,-0.25273722627737216,0325.HK,布鲁可,2025-01-10,可选消费
0.04875111197640672,0.446345128256161,0.28,1.3888888888888888,0,0.0628930817610062,0,-0.02356406480117834,-0.2812960235640649,-0.2812960235640649,-0.2812960235640649,2613.HK,汇舸环保,2025-01-09,工业
-0.35089538848378027,0.8408548309118025,0.0,1.0,1,-0.476666666666667,1,-0.12777777777777777,-0.2666666666666666,-0.2666666666666666,-0.2666666666666666,2560.HK,海螺材料科技,2025-01-09,材料
0.05898676730086314,0.3884252534113263,0.31,1.4492753623188408,0,0.0341614906832298,0,-0.02795031055900632,-0.02795031055900632,-0.02795031055900632,-0.02795031055900632,6681.HK,脑动极光-B,2025-01-08,医疗保健
0.11311752019172429,0.2597006635320939,0.27,1.36986301369863,0,0.05072463768115951,0,-0.04178272980501396,-0.10027855153203347,-0.10027855153203347,-0.10863509749303624,2506.HK,讯飞医疗科技,2024-12-30,信息技术
0.019484867213574557,0.1610647167667463,0.38,1.6129032258064517,0,0.004536616979909289,0,-0.014516129032258074,-0.014516129032258074,-0.014516129032258074,-0.014516129032258074,2577.HK,英诺赛科,2024-12-30,信息技术
0.2421317892565908,0.2711190135100248,0.29000000000000004,1.4084507042253522,0,0.366666666666667,0,-0.055276381909547645,-0.055276381909547645,-0.055276381909547645,-0.055276381909547645,2587.HK,健康之路,2024-12-30,医疗保健
0.20994303583904,0.27699497017748637,0.31,1.4492753623188408,0,0.14117647058823501,0,-0.05161290322580647,-0.05161290322580647,-0.10215053763440873,-0.10215053763440873,2431.HK,佑驾创新,2024-12-27,信息技术
0.05456625063985087,0.1215781281894341,0.38,1.6129032258064517,0,0.0074468085106383294,0,-0.04670050761421307,-0.04670050761421307,-0.04670050761421307,-0.055837563451776595,2432.HK,越疆,2024-12-23,信息技术
0.11237704315587223,0.2723659196365124,0.31,1.4492753623188408,0,0.136470588235294,0,-0.05555555555555558,-0.05555555555555558,-0.05555555555555558,-0.05666666666666664,0999.HK,小菜园,2024-12-20,可选消费
0.06376697233104985,0.8642176163719684,0.0,1.0,1,0.10400000000000001,0,-0.1727078891257997,-0.3603411513859276,-0.4179104477611941,-0.443496801705757,2593.HK,草姬集团,2024-12-19,日常消费
0.45491874145283384,0.13307734655177017,0.47,1.8867924528301885,0,0.76510067114094,0,0.0,0.0,0.0,0.0,1318.HK,毛戈平,2024-12-10,日常消费
-0.040747669651095796,0.17193263126077313,0.35000000000000003,1.5384615384615388,0,0.000680272108843499,0,-0.025520483546004114,-0.05574210879785102,-0.05574210879785102,-0.05574210879785102,2570.HK,重塑能源,2024-12-06,可选消费
-0.2524373966469403,0.6059484342760046,0.18101289143099883,1.2210204404160632,1,-0.5431976166832171,1,-0.3640552995391705,-0.716589861751152,-0.716589861751152,-0.7391705069124423,2586.HK,多点数智,2024-12-06,信息技术
0.04763034665558141,0.785526886595373,0.1546487422697514,1.1829402166916745,1,0.075,0,-0.10400000000000009,-0.10400000000000009,-0.15839999999999999,-0.15839999999999999,2585.HK,梦金园,2024-11-29,可选消费
-0.1953302787635372,0.5206846255228174,0.23232884361929568,1.3026411005392506,0,-0.384057971014493,1,0.0,0.0,0.0,-0.01866666666666661,2566.HK,九源基因,2024-11-28,医疗保健
0.015550637659741939,0.1808007268402695,0.43000000000000005,1.7543859649122808,0,0.0,0,0.0,-0.06413994169096193,-0.06413994169096193,-0.06413994169096193,6936.HK,顺丰控股,2024-11-27,工业
0.25429044056769756,0.3290381706424054,0.27,1.36986301369863,0,0.2,0,-0.05771567436208991,-0.06682867557715677,-0.06682867557715677,-0.06682867557715677,2582.HK,国富氢能,2024-11-15,工业
-0.10131026356229887,0.32780971149415,0.27999999999999997,1.3888888888888888,0,-0.114102564102564,1,-0.09942363112391939,-0.10806916426512969,-0.24351585014409227,-0.24351585014409227,2519.HK,傲基股份,2024-11-08,可选消费
0.5234108673835197,0.5551818437182545,0.3437045390704363,1.5237039710492895,0,0.476454293628809,0,0.0,0.0,-0.03809523809523818,-0.1428571428571429,2551.HK,晶科电子股份,2024-11-08,信息技术
0.0956620320704069,0.13931735818260388,0.44000000000000006,1.7857142857142858,0,-0.0191387559808613,1,-0.06459330143540665,-0.06459330143540665,-0.06459330143540665,-0.06459330143540665,2510.HK,德翔海运,2024-11-01,工业
0.26547029549364554,0.1386208661775191,0.39,1.639344262295082,0,0.3,0,-0.09395348837209305,-0.09395348837209305,-0.09395348837209305,-0.09395348837209305,2563.HK,华昊中天医药-B,2024-10-31,医疗保健
-0.09225233724349,0.45874566780490034,0.2878135830487749,1.4041267513649958,1,-0.136363636363636,1,-0.17322834645669294,-0.19094488188976377,-0.19094488188976377,-0.22834645669291342,2465.HK,龙蟠科技,2024-10-30,材料
0.10078784061917956,0.5339392504229507,0.4390151873942624,1.7825794522940215,1,0.027568922305764302,0,-0.1992187500000001,-0.296875,-0.296875,-0.296875,9660.HK,地平线机器人-W,2024-10-24,信息技术
0.15465997485453983,0.1517363584139658,0.5,2.0,0,0.15034482758620699,0,-0.04495747266099637,-0.10085054678007288,-0.10085054678007288,-0.1227217496962334,2460.HK,华润饮料,2024-10-23,日常消费
-0.3184917386818389,0.8029838194980323,0.0,1.0,1,-0.5672727272727269,1,-0.2875000000000001,-0.2875000000000001,-0.32499999999999996,-0.36250000000000004,2567.HK,七牛智能,2024-10-16,工业
-0.17826626431584747,0.3782816512665569,0.37,1.5873015873015872,0,-0.150684931506849,1,0.0,-0.06000000000000005,-0.20999999999999996,-0.20999999999999996,9639.HK,荣利营造,2024-10-09,工业
-0.21853321912162574,0.5666263235366433,0.22084341911583916,1.2834390731388463,1,-0.292307692307692,1,-0.18149466192170827,-0.297153024911032,-0.4884341637010676,-0.4884341637010676,2576.HK,太美医疗科技,2024-10-08,医疗保健
0.42267365509614735,0.7045961114919514,0.27360259233869905,1.3766568953206844,1,0.583044982698962,0,-0.2968421052631579,-0.2968421052631579,-0.3726315789473684,-0.37684210526315787,2549.HK,卡罗特,2024-10-02,日常消费
-0.00721197620107446,0.14995775462291383,0.43000000000000005,1.7543859649122808,0,0.0784671532846716,0,-0.020270270270270285,-0.020270270270270285,-0.020270270270270285,-0.020270270270270285,0300.HK,美的集团,2024-09-17,可选消费
-0.04238504927340986,0.3122085329151291,0.3,1.4285714285714286,0,,0,,,,,8629.HK,集信国控,2024-09-06,工业
0.08346297035093748,0.681167594566628,0.204221603622248,1.2566312487896505,1,0.132231404958678,0,-0.11187845303867405,-0.11187845303867405,-0.11187845303867405,-0.11187845303867405,2410.HK,同源康医药-B,2024-08-20,医疗保健
-0.19208236227585868,0.44654152511942674,0.26,1.3513513513513513,0,-0.269642857142857,1,-0.02765957446808509,-0.02765957446808509,-0.02765957446808509,-0.02765957446808509,2533.HK,黑芝麻智能,2024-08-08,信息技术
0.1627051174684107,0.8184376564479932,0.0,1.0,1,0.049999999999999906,0,-0.12209302325581395,-0.12209302325581395,-0.2325581395348837,-0.2325581395348837,1471.HK,众淼控股,2024-08-06,金融
0.06272294734380353,0.7202022842404865,0.198198477173009,1.2471914451773563,1,0.021276595744680802,0,-0.13868613138686148,-0.18248175182481752,-0.18248175182481752,-0.18248175182481752,2531.HK,广联科技控股,2024-07-15,信息技术
-0.04360637330212192,0.23446384332516593,0.39,1.639344262295082,0,0.0,0,-0.052727272727272734,-0.19272727272727275,-0.19272727272727275,-0.19272727272727275,2507.HK,西锐,2024-07-12,工业
0.039632111809469496,0.8453704580667913,0.0,1.0,1,0.14285714285714302,0,-0.10769230769230775,-0.20769230769230773,-0.20769230769230773,-0.20769230769230773,1334.HK,瑞昌国际控股,2024-07-10,能源
-0.10337937311928753,0.40861126637362816,0.26,1.3513513513513513,0,-0.0314285714285715,1,0.0,0.0,-0.4066666666666666,-0.48,9680.HK,如祺出行,2024-07-10,工业
0.059417322246264836,0.533010749501666,0.18924731262458347,1.2334217518750612,1,-0.112426035502959,1,-0.10370370370370374,-0.10370370370370374,-0.10370370370370374,-0.10370370370370374,2495.HK,声通科技,2024-07-10,信息技术
0.04711515190746674,0.7183065802252289,0.15946227984984745,1.1897146029584031,1,0.0805555555555555,0,-0.125,-0.125,-0.125,-0.125,6657.HK,百望股份,2024-07-09,工业
-0.19601840602487633,0.17650416305561353,0.34,1.5151515151515154,0,-0.446210268948655,1,-0.08119658119658113,-0.08119658119658113,-0.08119658119658113,-0.08119658119658113,6086.HK,方舟健客,2024-07-09,日常消费
-0.2986294942110313,0.664833528512739,0.13011098099150734,1.1495719317618345,1,-0.46399999999999997,1,-0.14473684210526316,-0.42105263157894735,-0.493421052631579,-0.5197368421052632,2545.HK,中赣通信,2024-07-03,通讯服务
-0.061386090758903514,0.9099033610482333,0.0,1.0,1,-0.114666666666667,1,-0.20261437908496738,-0.33333333333333337,-0.33333333333333337,-0.33333333333333337,1354.HK,经发物业,2024-07-03,房地产
-0.23287824490474104,0.7998144010783867,0.10012373261440886,1.1112638884291262,1,-0.392561983471074,1,-0.11445783132530118,-0.2831325301204819,-0.40963855421686746,-0.40963855421686746,8637.HK,元续科技,2024-07-02,工业
0.1387220860903947,0.7783214745010618,0.1444523503326255,1.16884196968899,1,-0.278171126845074,1,-0.46814159292035395,-0.47123893805309736,-0.47123893805309736,-0.47123893805309736,2479.HK,天聚地合,2024-06-28,信息技术
-0.16840088529819075,0.6637802171938891,0.23081318853740723,1.3000742928736917,1,-0.225,1,-0.11089866156787764,-0.32504780114722764,-0.4455066921606119,-0.5296367112810708,2559.HK,嘀嗒出行,2024-06-28,工业
0.3783887950047077,0.23051861131472112,0.44,1.7857142857142856,0,0.7283950617283951,0,-0.055038759689922445,-0.055038759689922445,-0.055038759689922445,-0.055038759689922445,6181.HK,老铺黄金,2024-06-28,可选消费
0.08408243973059867,0.9165021377999577,0.0,1.0,1,0.27636363636363603,0,-0.31174089068825916,-0.3906882591093118,-0.4240890688259109,-0.4271255060728745,2881.HK,武汉有机,2024-06-18,材料
0.38745491406196225,0.6590086759503945,0.2639942160330704,1.3586849747432586,1,-0.173913043478261,1,-0.1624713958810069,-0.26773455377574373,-0.26773455377574373,-0.26773455377574373,2512.HK,云工场,2024-06-14,工业
0.03078668721084631,0.22771506324921703,0.44000000000000006,1.7857142857142858,0,0.09848484848484841,0,-0.014842300556586308,-0.038961038961038974,-0.038961038961038974,-0.06307977736549164,2228.HK,晶泰控股,2024-06-13,信息技术
0.12027998205227618,0.2676727584105571,0.31,1.4492753623188408,0,0.0013351134846461702,0,-0.06133333333333335,-0.09999999999999998,-0.09999999999999998,-0.09999999999999998,2522.HK,一脉阳光,2024-06-07,医疗保健
0.8593665627461938,0.3882588760019201,0.32999999999999996,1.4925373134328357,0,0.9172413793103451,0,0.0,0.0,0.0,0.0,2550.HK,宜搜科技,2024-06-07,通讯服务
0.11783353368876176,0.7932847719301508,0.20447681871323284,1.2570343938720798,1,0.060000000000000095,0,-0.2272727272727273,-0.4015151515151515,-0.43939393939393945,-0.4696969696969697,8529.HK,优博控股,2024-06-03,信息技术
0.26241717773097184,0.6774821728922231,0.2316785514051846,1.3015385706450104,1,0.268627450980392,0,-0.13103448275862073,-0.32068965517241377,-0.32068965517241377,-0.32068965517241377,2443.HK,汽车街,2024-05-31,可选消费
0.5338687753694149,0.4567207585235383,0.3383198103691154,1.5113041249698675,0,0.8421052631578949,0,-0.08414239482200636,-0.08414239482200636,-0.08414239482200636,-0.14239482200647247,2505.HK,EDA集团控股,2024-05-28,工业
0.33323851116417996,0.6973308144717189,0.20844612368552076,1.263337885042087,1,0.4,0,-0.18181818181818177,-0.18181818181818177,-0.18181818181818177,-0.18181818181818177,0917.HK,趣致集团,2024-05-27,通讯服务
0.04786781862865208,0.2954539170122376,0.28,1.3888888888888888,0,0.0755555555555555,0,-0.02489626556016611,-0.4522821576763486,-0.5366528354080222,-0.5366528354080222,2898.HK,盛禾生物-B,2024-05-24,医疗保健
-0.1129552123027603,0.7919008465005652,0.13539943566628984,1.1566034551118216,1,0.00312499999999993,0,-0.10404624277456642,-0.28612716763005774,-0.28612716763005774,-0.323699421965318,2529.HK,泓盈城市服务,2024-05-17,房地产
0.22453723482016222,0.27353414760246914,0.27,1.36986301369863,0,0.184633027522936,0,0.0,0.0,0.0,0.0,2556.HK,迈富时,2024-05-16,信息技术
-0.10193763021575304,0.31856591981720617,0.31999999999999995,1.4705882352941175,0,-0.031578947368421,1,0.0,0.0,0.0,0.0,2438.HK,出门问问,2024-04-24,信息技术
-0.10286206638769117,0.7060297134466843,0.20264685770221047,1.2541494438941176,1,-0.268571428571429,1,-0.3138500635324015,-0.3138500635324015,-0.3138500635324015,-0.3138500635324015,2555.HK,茶百道,2024-04-23,可选消费
-0.25282771827690537,0.9111202339895571,0.0,1.0,1,-0.392,1,-0.1914893617021276,-0.202127659574468,-0.24468085106382975,-0.28191489361702116,2515.HK,天津建发,2024-04-23,工业
0.21399876928284634,0.7879672069803317,0.1680218620131122,1.2019546600343005,1,0.37037037037037,0,-0.3380281690140845,-0.46478873239436624,-0.46478873239436624,-0.5446009389671361,2497.HK,富景中国控股,2024-03-28,日常消费
-0.05890302605883417,0.1640917684672548,0.39,1.639344262295082,0,-0.0763209393346381,1,-0.053061224489796,-0.12244897959183687,-0.12244897959183687,-0.12244897959183687,2598.HK,连连数字,2024-03-28,信息技术
0.2956709669436228,0.19706231946692504,0.47,1.8867924528301885,0,0.153846153846154,0,-0.0072727272727273196,-0.0072727272727273196,-0.0072727272727273196,-0.0072727272727273196,2536.HK,百乐皇宫,2024-03-26,可选消费
-0.06352037893306846,0.27766325548932214,0.3,1.4285714285714286,0,0.00245098039215681,0,-0.06849315068493145,-0.08675799086757985,-0.08675799086757985,-0.08675799086757985,9879.HK,米高集团,2024-03-21,材料
0.11092924454754657,0.6711692341407077,0.2158871772395282,1.2753266761784314,1,0.23737373737373701,0,-0.10583941605839409,-0.337956204379562,-0.337956204379562,-0.337956204379562,2509.HK,荃信生物-B,2024-03-20,医疗保健
1.2465053637835843,0.7724628046083665,0.21335813026108902,1.2712265116677597,1,1.36,0,-0.2615384615384616,-0.2615384615384616,-0.2615384615384616,-0.2615384615384616,2535.HK,泓基集团,2024-03-08,工业
0.10467925392312694,0.30717032767272,0.35,1.5384615384615383,0,0.36363636363636404,0,0.0,0.0,0.0,0.0,2540.HK,乐思集团,2024-03-08,通讯服务
1.4100631997869377,0.3728318723499114,0.36,1.5625,0,1.64,0,-0.039548022598870136,-0.039548022598870136,-0.039548022598870136,-0.039548022598870136,2477.HK,经纬天地,2024-01-12,信息技术
-0.14869900284877352,0.3282224077386966,0.26,1.3513513513513513,0,-0.224089635854342,1,-0.010204081632653184,-0.010204081632653184,-0.010204081632653184,-0.010204081632653184,2453.HK,美中嘉和,2024-01-09,医疗保健
-0.2250971441434526,0.8498790497755755,0.0,1.0,1,-0.28,1,-0.13580246913580263,-0.13580246913580263,-0.13580246913580263,-0.13580246913580263,2503.HK,中深建业,2024-01-09,工业
0.06489213377556871,0.44443115983554016,0.3,1.4285714285714286,0,0.161344537815126,0,-0.008196721311475419,-0.008196721311475419,-0.008196721311475419,-0.008196721311475419,6959.HK,长久股份,2024-01-09,工业
-0.062039263504613175,0.2249736015230594,0.35000000000000003,1.5384615384615388,0,0.0,0,-0.03488372093023251,-0.03488372093023251,-0.03488372093023251,-0.03488372093023251,2498.HK,速腾聚创,2024-01-05,信息技术
0.10586900052539389,0.08327616622560674,0.39,1.639344262295082,0,0.00944444444444438,0,-0.018353726362625222,-0.018353726362625222,-0.0400444938820913,-0.0400444938820913,9880.HK,优必选,2023-12-29,信息技术
-0.09884919023130405,0.6065063743258756,0.22087340641853107,1.2834884706004268,1,-0.173643975245723,1,-0.12574850299401208,-0.12574850299401208,-0.12574850299401208,-0.15568862275449113,2149.HK,贝克微,2023-12-28,信息技术
-0.16227835529364523,0.7656007007864125,0.13293286614239166,1.1533132337180965,1,-0.186915887850467,1,-0.1869158878504673,-0.1906542056074766,-0.1906542056074766,-0.1906542056074766,6911.HK,澜沧古茶,2023-12-22,日常消费
-0.005911085836524166,0.40202266843718826,0.38,1.6129032258064517,0,0.0181818181818182,0,0.0,0.0,0.0,0.0,2489.HK,集海黄金,2023-12-22,材料
0.16939078063072693,0.8251751731941949,0.0,1.0,1,0.111111111111111,0,-0.30000000000000004,-0.3153846153846154,-0.3153846153846154,-0.3153846153846154,2516.HK,泛远国际,2023-12-22,工业
0.03786461447532241,0.27979109756403747,0.3,1.4285714285714286,0,0.07652173913043481,0,0.0,0.0,0.0,-0.03523489932885904,2511.HK,君圣泰医药-B,2023-12-22,医疗保健
-0.25934307683248686,0.8720090581639249,0.0,1.0,1,-0.275,1,-0.179245283018868,-0.23584905660377353,-0.23584905660377353,-0.23584905660377353,2502.HK,金源氢化,2023-12-20,材料
-0.059601518773583904,0.7244541415854568,0.17036390560969544,1.205347750371077,1,-0.128161888701518,1,-0.1252115059221658,-0.1861252115059222,-0.1861252115059222,-0.1861252115059222,1274.HK,知行科技,2023-12-20,信息技术
0.053618983895295465,0.2910178173008522,0.28,1.3888888888888888,0,0.0262295081967213,0,-0.0021505376344087557,-0.032258064516129115,-0.032258064516129115,-0.032258064516129115,0666.HK,瑞浦兰钧,2023-12-18,工业
0.16640330484135885,0.3518529187828831,0.31,1.4492753623188408,0,0.0,0,-0.08380952380952389,-0.19238095238095232,-0.3476190476190476,-0.3476190476190476,1497.HK,燕之屋,2023-12-12,日常消费
-0.004011017558805695,0.2988767639086336,0.25,1.3333333333333333,0,0.0148849797023003,0,0.0,-0.05277401894451972,-0.05277401894451972,-0.05277401894451972,2419.HK,德康农牧,2023-12-06,日常消费
-0.06583854081483814,0.30782580860424685,0.3,1.4285714285714286,0,-0.00555555555555556,1,0.0,-0.006211180124223614,-0.006211180124223614,-0.006211180124223614,2483.HK,K CASH集团,2023-12-05,金融
-0.05660124262871571,0.40985696975378494,0.38,1.6129032258064517,0,0.03125,0,-0.050000000000000044,-0.050000000000000044,-0.050000000000000044,-0.050000000000000044,2521.HK,升辉清洁,2023-12-05,工业
0.04421791735414204,0.6332092495131244,0.2641976876217189,1.3590606922228494,1,0.00712105798575791,0,-0.1272727272727272,-0.1272727272727272,-0.12848484848484842,-0.12848484848484842,9663.HK,国鸿氢能,2023-12-05,工业
-0.019823315954985068,0.2866428097650468,0.29,1.4084507042253522,0,0.0,0,0.0,-0.10550458715596334,-0.10550458715596334,-0.10550458715596334,2520.HK,山西安装,2023-11-22,公用事业
0.3650462620582806,0.053496443702032874,0.47,1.8867924528301885,0,0.359223300970874,0,-0.005565862708719838,-0.02226345083487935,-0.02226345083487935,-0.02226345083487935,2268.HK,药明合联,2023-11-17,医疗保健
0.16864327106866367,0.10890023221137678,0.39,1.639344262295082,0,0.0336134453781513,0,-0.07622739018087854,-0.07622739018087854,-0.07622739018087854,-0.07622739018087854,2499.HK,佛朗斯股份,2023-11-10,工业
0.4878511919193366,0.7365928705782753,0.22727141961448316,1.2941154570743283,1,0.557692307692308,0,-0.1515151515151515,-0.1515151515151515,-0.1515151515151515,-0.1515151515151515,1111.HK,华视集团控股,2023-11-10,通讯服务
0.19651432882589737,0.7330609861189149,0.21962600925405673,1.2814368647065246,1,0.490909090909091,0,-0.3486238532110093,-0.35779816513761475,-0.39449541284403666,-0.39449541284403666,2473.HK,喜相逢集团,2023-11-09,可选消费
0.26368708401621865,0.1595211806322146,0.41000000000000003,1.6949152542372883,0,0.40869565217391296,0,-0.014399999999999968,-0.014399999999999968,-0.05279999999999996,-0.05279999999999996,2429.HK,友宝在线,2023-11-03,日常消费
0.03219220529002148,0.1253958459803299,0.4,1.6666666666666667,0,0.0,0,0.0,0.0,0.0,0.0,2517.HK,锅圈,2023-11-02,日常消费
0.0006120622708907071,0.18242983664551993,0.4,1.6666666666666667,0,0.0,0,-0.016666666666666607,-0.016666666666666607,-0.016666666666666607,-0.016666666666666607,1519.HK,极兔速递-W,2023-10-27,工业
0.13565565639458183,0.5270485790761872,0.2907378552309532,1.4099159349969603,0,0.00949796472184536,0,-0.017711171662125325,-0.032697547683923744,-0.04495912806539515,-0.04495912806539515,2451.HK,绿源集团控股,2023-10-12,可选消费
0.16958285031523615,0.2780495019017995,0.29000000000000004,1.4084507042253522,0,0.2265625,0,0.0,0.0,0.0,0.0,9676.HK,十月稻田,2023-10-12,日常消费
0.11800462144056775,0.732424711869498,0.22005019208700138,1.2821337858596504,1,0.38135593220339,0,-0.11382113821138207,-0.11382113821138207,-0.11382113821138207,-0.11382113821138207,2501.HK,迈越科技,2023-10-11,信息技术
-0.15747464702909153,0.607086695125927,0.22072832621851826,1.283249518293685,1,-0.24923076923076898,1,-0.16697588126159546,-0.23562152133580694,-0.28200371057513907,-0.28200371057513907,1973.HK,天图投资,2023-10-06,金融
-0.19503810578871036,0.6445754639547667,0.23135613401130828,1.3009926238254947,1,-0.428571428571428,1,-0.26287262872628725,-0.47967479674796754,-0.47967479674796754,-0.49864498644986444,9686.HK,熙康云医院,2023-09-28,信息技术
0.04016235167757601,0.49193098132099133,0.2695172546697522,1.3689577288343815,1,0.052158273381294896,0,-0.10538827258320127,-0.124405705229794,-0.16323296354992078,-0.16323296354992078,6682.HK,第四范式,2023-09-28,信息技术
-0.05649417240513264,0.3175049662600287,0.29,1.4084507042253522,0,0.0,0,-0.021770682148040565,-0.26995645863570383,-0.3236574746008708,-0.3236574746008708,9890.HK,贪玩,2023-09-28,通讯服务
-0.047260112670434756,0.28510291486536593,0.27,1.36986301369863,0,0.0535714285714286,0,0.0,0.0,0.0,0.0,9690.HK,途虎-W,2023-09-26,可选消费
-0.024161208816713787,0.1159990550990897,0.37,1.5873015873015872,0,0.0,0,-0.024390243902438935,-0.08780487804878034,-0.12804878048780477,-0.12804878048780477,2496.HK,友芝友生物-B,2023-09-25,医疗保健
-0.03740779929270647,0.26078446025343927,0.27,1.36986301369863,0,-0.00584795321637432,1,-0.04873294346978563,-0.04873294346978563,-0.04873294346978563,-0.04873294346978563,2490.HK,乐舱物流,2023-09-25,工业
0.013866342783068532,0.41574947781054206,0.25,1.3333333333333333,0,0.049462365591397696,0,-0.08962264150943389,-0.12264150943396213,-0.12264150943396213,-0.12264150943396213,1541.HK,宜明昂科-B,2023-09-05,医疗保健
-0.010590274875090724,0.07787876008699092,0.4,1.6666666666666667,0,0.0254237288135593,0,-0.08196721311475397,-0.14754098360655732,-0.14754098360655732,-0.14754098360655732,2271.HK,众安智慧生活,2023-07-18,房地产
-0.12224159767514163,0.3320057877407224,0.29,1.4084507042253522,0,,0,,,,,1284.HK,新传企划,2023-07-17,通讯服务
0.5665636992459809,0.4046116240614839,0.33999999999999997,1.5151515151515151,0,0.237647058823529,0,-0.09565217391304348,-0.1443478260869565,-0.1443478260869565,-0.1443478260869565,6683.HK,巨星传奇,2023-07-13,可选消费
-0.005976756660661833,0.2745607480445776,0.27,1.36986301369863,0,0.0027662517289072704,0,-0.05775577557755773,-0.06105610561056107,-0.07590759075907594,-0.17161716171617158,3650.HK,KEEP,2023-07-12,信息技术
-0.04057931506409284,0.25847381806580594,0.27,1.36986301369863,0,0.0313531353135313,0,0.0,0.0,0.0,0.0,6990.HK,科伦博泰生物-B,2023-07-11,医疗保健
-0.008255797188352636,0.2887202688334867,0.29,1.4084507042253522,0,0.0,0,-0.07777777777777783,-0.2416666666666667,-0.25555555555555554,-0.3055555555555556,2481.HK,慧居科技,2023-07-10,信息技术
0.019860704818400146,0.1342965215755148,0.38,1.6129032258064517,0,0.12012987012987,0,-0.024350649350649456,-0.024350649350649456,-0.024350649350649456,-0.024350649350649456,9860.HK,艾迪康控股,2023-06-30,医疗保健
0.06961173769510628,0.4613818671937059,0.27715453320157357,1.383421555410904,0,0.20870265914585,0,-0.001607717041800627,-0.001607717041800627,-0.001607717041800627,-0.001607717041800627,2105.HK,来凯医药-B,2023-06-29,医疗保健
0.02331171204717368,0.5926042035499698,0.24434894911250757,1.3233621508572324,1,0.0550000000000001,0,-0.10845986984815614,-0.175704989154013,-0.175704989154013,-0.175704989154013,9885.HK,药师帮,2023-06-28,医疗保健
-0.017400041256785195,0.7225221697396822,0.17165188684021188,1.2072219204863455,1,0.0045766590389015,0,-0.12844036697247707,-0.12844036697247707,-0.12844036697247707,-0.12844036697247707,2487.HK,科笛-B,2023-06-12,医疗保健
-0.15832148818638012,0.1726033250362129,0.36,1.5625,0,-0.289823008849557,1,-0.039877300613496924,-0.24846625766871155,-0.27914110429447847,-0.27914110429447847,9930.HK,宏信建发,2023-05-25,工业
-0.06483825947903106,0.2797371776285513,0.25,1.3333333333333333,0,-0.030421982335623002,1,-0.031712473572938715,-0.13530655391120516,-0.13530655391120516,-0.13530655391120516,2416.HK,易点云,2023-05-25,信息技术
-0.08779512289090916,0.7272252731838066,0.17851648454412894,1.2173098804606732,1,-0.24622641509434,1,-0.34615384615384615,-0.34615384615384615,-0.4115384615384615,-0.4394230769230769,2486.HK,普乐师集团控股,2023-05-11,通讯服务
-0.1602566758835479,0.36672016673715285,0.31999999999999995,1.4705882352941175,0,-0.234375,1,-0.034482758620689724,-0.034482758620689724,-0.034482758620689724,-0.034482758620689724,2442.HK,怡俊集团控股,2023-05-09,工业
-0.18474886837503354,0.6868577635548765,0.18542815763008233,1.2276388011284518,1,-0.329268292682927,1,-0.3015873015873016,-0.4876190476190476,-0.4876190476190476,-0.4876190476190476,2480.HK,绿竹生物-B,2023-05-08,医疗保健
-0.08282752058239762,0.1613116743492185,0.47000000000000003,1.8867924528301885,0,-0.179297597042514,1,-0.020000000000000018,-0.020000000000000018,-0.020000000000000018,-0.14666666666666672,6979.HK,珍酒李渡,2023-04-27,日常消费
0.08638700035453831,0.18060772755504806,0.4,1.6666666666666667,0,0.0109890109890109,0,-0.02824858757062143,-0.02824858757062143,-0.14124293785310738,-0.14124293785310738,2415.HK,梅斯健康,2023-04-27,医疗保健
-0.08867073115955819,0.22680848822727068,0.34,1.5151515151515154,0,,0,-0.0029850746268657025,-0.020895522388059806,-0.17462686567164187,-0.21343283582089545,6623.HK,陆控,2023-04-14,金融
-0.07983018330358363,0.5778894031831268,0.2580276492042183,1.3477591165324125,1,-0.121212121212121,1,-0.3574324324324325,-0.45945945945945954,-0.5459459459459459,-0.6074324324324325,9669.HK,北森控股,2023-04-13,信息技术
0.11124982088083017,0.5876958435387633,0.3155760391153092,1.4610826872679816,1,0.2,0,-0.19736842105263164,-0.19736842105263164,-0.19736842105263164,-0.19736842105263164,2405.HK,力盟科技,2023-03-31,通讯服务
-0.18948058007118315,0.2492520770105247,0.47000000000000003,1.8867924528301885,0,-0.35238095238095196,1,-0.015384615384615441,-0.015384615384615441,-0.03076923076923077,-0.03076923076923077,2439.HK,中宝新材,2023-03-31,材料
0.6089152792841735,0.7415628779690911,0.22395808135393924,1.2885901856238293,1,1.2627118644067798,0,-0.17808219178082196,-0.17808219178082196,-0.26027397260273966,-0.6198630136986301,2433.HK,中天湖南集团,2023-03-30,工业
-0.15833680019229956,0.7386829444752772,0.1808780370164819,1.2208194202944616,1,-0.21100917431192698,1,-0.21341463414634143,-0.2957317073170731,-0.2957317073170731,-0.2957317073170731,2409.HK,洲际船务,2023-03-29,工业
-0.02994441626117326,0.13192943248233854,0.37,1.5873015873015872,0,-0.00108695652173907,1,-0.003260869565217317,-0.019565217391304346,-0.019565217391304346,-0.019565217391304346,1405.HK,达势股份,2023-03-28,可选消费
-0.09272741020545253,0.6131170758497896,0.2192207310375526,1.2807717107152037,1,,0,-0.15340909090909094,-0.20454545454545459,-0.23863636363636365,-0.2670454545454545,2421.HK,嘉创地产,2023-03-23,房地产
0.053040384779398105,0.2838801874468703,0.3,1.4285714285714286,0,0.008235294117647089,0,-0.027027027027027084,-0.049353701527614535,-0.054054054054053946,-0.054054054054053946,9636.HK,九方智投控股,2023-03-10,信息技术
0.16601401590303955,0.10848030017072824,0.41000000000000003,1.6949152542372883,0,-0.0206896551724138,1,-0.039145907473309594,-0.08896797153024916,-0.08896797153024916,-0.08896797153024916,2482.HK,维天运通,2023-03-09,工业
-0.27248849138875764,0.7557159690175044,0.04452268732166377,1.0465973254737577,1,-0.445026178010471,1,-0.12396694214876025,-0.12396694214876025,-0.17355371900826444,-0.2148760330578513,2450.HK,淮北绿金股份,2023-01-20,材料
0.23226003057086117,0.35200117865848674,0.35,1.5384615384615383,0,0.477941176470588,0,-0.05357142857142849,-0.05357142857142849,-0.12499999999999989,-0.2142857142857142,2306.HK,乐华娱乐,2023-01-19,通讯服务
-0.14920449044083844,0.2263145873973316,0.39,1.639344262295082,0,-0.258823529411765,1,-0.08695652173913038,-0.10869565217391297,-0.10869565217391297,-0.16666666666666663,2455.HK,润华服务,2023-01-17,房地产
0.18183530666099032,0.27262769199481635,0.35,1.5384615384615383,0,0.1125,0,-0.005952380952380931,-0.04761904761904756,-0.04761904761904756,-0.04761904761904756,2459.HK,升能集团,2023-01-17,工业
0.04112076443419894,0.08867808470701308,0.38,1.6129032258064517,0,-0.11538461538461499,1,0.0,0.0,-0.019999999999999907,-0.019999999999999907,2458.HK,望尘科技控股,2023-01-16,通讯服务
0.4151555765144752,0.0931188323901267,0.43,1.7543859649122806,0,0.534679089026915,0,-0.08032786885245902,-0.1573770491803279,-0.1573770491803279,-0.1573770491803279,2373.HK,美丽田园医疗健康,2023-01-16,医疗保健
0.14744843053709253,0.1669767612574557,0.42000000000000004,1.7241379310344829,0,0.07142857142857151,0,-0.07975460122699385,-0.1257668711656441,-0.1380368098159509,-0.14110429447852757,2411.HK,百果园集团,2023-01-16,日常消费
-0.15331921008579946,0.6076492340515111,0.33058769148712225,1.4938476440947643,1,-0.176470588235294,1,-0.2432432432432432,-0.3851351351351351,-0.3851351351351351,-0.3851351351351351,2147.HK,正味集团,2023-01-13,日常消费
0.07946092519136518,0.10378686618019983,0.38,1.6129032258064517,0,0.0,0,-0.025833333333333264,-0.025833333333333264,-0.025833333333333264,-0.025833333333333264,2402.HK,亿华通,2023-01-12,工业
0.03775224715849339,0.3123398491844033,0.3,1.4285714285714286,0,0.121212121212121,0,-0.02285714285714291,-0.02285714285714291,-0.07047619047619047,-0.07047619047619047,2469.HK,粉笔,2023-01-09,可选消费
0.054009022942718136,0.19051620730456723,0.41000000000000003,1.6949152542372883,0,,0,0.0,0.0,0.0,0.0,9658.HK,特海国际,2022-12-30,可选消费
0.003931092207267628,0.11269537327128899,0.35000000000000003,1.5384615384615388,0,-0.0656084656084655,1,-0.08108108108108103,-0.19891891891891889,-0.19891891891891889,-0.22702702702702704,6922.HK,康沣生物-B,2022-12-30,医疗保健
-0.08376726237853342,0.7591428458860899,0.15723810274260672,1.1865747647755647,1,-0.00468750000000004,1,-0.11147540983606552,-0.11147540983606552,-0.11147540983606552,-0.11147540983606552,2425.HK,澳亚集团,2022-12-30,日常消费
0.04453612122636415,0.11387733047924492,0.38,1.6129032258064517,0,0.0,0,-0.02311557788944707,-0.02311557788944707,-0.21105527638190957,-0.2160804020100502,6955.HK,博安生物,2022-12-30,医疗保健
-0.12478335914587131,0.27162695923889196,0.27999999999999997,1.3888888888888888,0,,0,0.0,0.0,0.0,0.0,3896.HK,金山云,2022-12-30,信息技术
0.350681957374177,0.15501126029245246,0.41000000000000003,1.6949152542372883,0,0.705660377358491,0,0.0,0.0,0.0,0.0,6698.HK,星空华文,2022-12-29,通讯服务
1.31114434765016,0.22761326330558088,0.49,1.9607843137254901,0,2.30188679245283,0,-0.025000000000000022,-0.025000000000000022,-0.025000000000000022,-0.025000000000000022,2427.HK,GUANZE MEDICAL,2022-12-29,医疗保健
0.08357706786954466,0.21594546402306036,0.4,1.6666666666666667,0,0.0397727272727272,0,-0.08522727272727271,-0.08522727272727271,-0.08522727272727271,-0.08522727272727271,6929.HK,业聚医疗,2022-12-23,医疗保健
0.17900102102353607,0.21884188104862914,0.39,1.639344262295082,0,0.344086021505376,0,-0.08227848101265822,-0.1518987341772151,-0.21940928270042193,-0.21940928270042193,0314.HK,思派健康,2022-12-23,日常消费
0.17588652753273196,0.17094473284240613,0.37000000000000005,1.5873015873015877,0,,0,-0.005138086062941416,-0.023763648041104646,-0.023763648041104646,-0.023763648041104646,2076.HK,BOSS直聘-W,2022-12-22,信息技术
0.04243687023133228,0.14165487287446768,0.38,1.6129032258064517,0,0.0,0,-0.03968253968253965,-0.04365079365079361,-0.04365079365079361,-0.04365079365079361,2145.HK,上美股份,2022-12-22,日常消费
0.07438823354452796,0.16805064455915314,0.41000000000000003,1.6949152542372883,0,-0.0511363636363637,1,-0.01764705882352935,-0.17843137254901953,-0.17843137254901953,-0.17843137254901953,9985.HK,卫龙美味,2022-12-15,日常消费
-0.2655432835344355,0.7147919433080913,0.1968053711279392,1.245028246023403,1,-0.4,1,-0.16901408450704225,-0.16901408450704225,-0.16901408450704225,-0.16901408450704225,2457.HK,步阳国际,2022-12-15,可选消费
0.1630571942998906,0.30038272018625,0.29000000000000004,1.4084507042253522,0,0.259007205764612,0,-0.04482758620689653,-0.04482758620689653,-0.04482758620689653,-0.04482758620689653,1244.HK,思路迪医药股份,2022-12-15,医疗保健
-0.13107130849264403,0.23003819378205556,0.42000000000000004,1.7241379310344829,0,-0.14285714285714302,1,-0.0921052631578948,-0.36184210526315796,-0.36184210526315796,-0.36184210526315796,1947.HK,美皓集团,2022-12-14,医疗保健
0.07395653581990062,0.22885902185516016,0.36000000000000004,1.5625000000000002,0,0.0,0,-0.06445312500000011,-0.06445312500000011,-0.06445312500000011,-0.06445312500000011,2407.HK,高视医疗,2022-12-12,医疗保健
-0.2153227770429026,0.27299888496446617,0.24,1.3157894736842106,0,-0.267399267399267,1,-0.0990990990990992,-0.30180180180180183,-0.34684684684684697,-0.34684684684684697,2440.HK,迷策略,2022-12-12,工业
-0.05411815434500673,0.16692042425942527,0.43000000000000005,1.7543859649122808,0,0.0,0,-0.054888507718696466,-0.1475128644939966,-0.33447684391080623,-0.33447684391080623,6963.HK,阳光保险,2022-12-09,金融
0.05818105459794748,0.18079107634046662,0.41000000000000003,1.6949152542372883,0,0.0,0,0.0,-0.08860759493670889,-0.08860759493670889,-0.08860759493670889,2245.HK,力勤资源,2022-12-01,材料
-0.017798376306394786,0.1413628203924068,0.30000000000000004,1.4285714285714286,0,0.034379372376574,0,-0.011857707509881465,-0.011857707509881465,-0.011857707509881465,-0.011857707509881465,3660.HK,奇富科技-S,2022-11-29,金融
0.02314873318110059,0.814347084530859,0.0,1.0,1,0.0263157894736842,0,-0.11898734177215198,-0.11898734177215198,-0.11898734177215198,-0.11898734177215198,2436.HK,凌雄科技,2022-11-24,信息技术
-0.0798707323342724,0.703648303336974,0.21423446444201732,1.2726442618660878,1,0.0,0,-0.17763157894736847,-0.17763157894736847,-0.24342105263157898,-0.24342105263157898,1407.HK,交运燃气,2022-11-16,公用事业
0.04377621290665352,0.5807980538964944,0.2673004865258764,1.3648159738205101,1,0.054707379134859895,0,-0.2583732057416267,-0.2583732057416267,-0.2583732057416267,-0.2583732057416267,2420.HK,子不语,2022-11-11,可选消费
0.15045589027784753,0.7152676990590286,0.23148820062731423,1.3012161957907107,1,0.0204081632653061,0,-0.41237113402061865,-0.43986254295532656,-0.48797250859106533,-0.8281786941580755,6696.HK,多想云,2022-11-09,通讯服务
0.17374131480248853,0.09318817062114196,0.39,1.639344262295082,0,0.0,0,-0.023489932885906062,-0.1174496644295302,-0.1174496644295302,-0.1174496644295302,2291.HK,心泰医疗,2022-11-08,医疗保健
0.09045562777162941,0.09597636528673668,0.4,1.6666666666666667,0,0.09876543209876541,0,0.0,0.0,0.0,0.0,2367.HK,巨子生物,2022-11-04,日常消费
0.3547084798426036,0.7477964809467141,0.2048023460355239,1.257548981708481,1,-0.0407239819004524,1,-0.10407239819004521,-0.10407239819004521,-0.10407239819004521,-0.10407239819004521,6610.HK,飞天云动,2022-10-18,信息技术
0.6848800790922515,0.6891763579355166,0.25888242804298894,1.3493135743082953,1,1.109375,0,-0.16153846153846152,-0.16153846153846152,-0.16153846153846152,-0.16153846153846152,2422.HK,润歌互动,2022-10-17,通讯服务
0.1602944464833538,0.7191155400063848,0.22892297332907685,1.29688729583533,1,0.1,0,-0.16129032258064513,-0.2016129032258065,-0.2016129032258065,-0.2016129032258065,1489.HK,GC CONSTRUCTION,2022-10-10,材料
-0.0183662539377322,0.2341016252187908,0.37,1.5873015873015872,0,0.0161870503597122,0,-0.0071428571428571175,-0.0071428571428571175,-0.0714285714285714,-0.0714285714285714,9877.HK,健世科技-B,2022-10-10,医疗保健
0.07475241202447673,0.12496450302267091,0.44000000000000006,1.7857142857142858,0,0.0,0,-0.022368421052631593,-0.11973684210526303,-0.11973684210526303,-0.11973684210526303,3931.HK,中创新航,2022-10-06,工业
-0.015495135207857162,0.22502229220945857,0.35000000000000003,1.5384615384615388,0,0.030940594059405902,0,-0.0040000000000000036,-0.0040000000000000036,-0.0040000000000000036,-0.0040000000000000036,6660.HK,艾美疫苗,2022-10-06,医疗保健
-0.0009791200464695465,0.14888485189969156,0.4,1.6666666666666667,0,-0.06788247213779129,1,-0.07785087719298256,-0.10416666666666663,-0.10416666666666663,-0.1217105263157896,2602.HK,万物云,2022-09-29,房地产
-0.18950787895118792,0.5599963233155528,0.2625009191711118,1.3559338933359517,1,-0.335416666666667,1,-0.3158536585365853,-0.44024390243902445,-0.44024390243902445,-0.5663414634146341,9863.HK,零跑汽车,2022-09-29,可选消费
-0.24403479083351193,0.839232893493782,0.0,1.0,1,-0.270588235294118,1,-0.3555555555555556,-0.3555555555555556,-0.4111111111111111,-0.5333333333333334,2350.HK,数科集团,2022-09-26,信息技术
0.0661497514837583,0.3548913311899522,0.21,1.2658227848101264,0,,0,0.0,-0.09888888888888892,-0.13111111111111107,-0.13111111111111107,1698.HK,腾讯音乐-SW,2022-09-21,通讯服务
-0.017769174038725147,0.25739371226850327,0.29,1.4084507042253522,0,0.0,0,-0.027552674230145846,-0.02917341977309562,-0.02917341977309562,-0.02917341977309562,9886.HK,叮当健康,2022-09-14,日常消费
0.020375577125514764,0.1345221802946474,0.38,1.6129032258064517,0,0.030927835051546403,0,-0.03231939163498099,-0.10646387832699622,-0.10646387832699622,-0.10646387832699622,2315.HK,百奥赛图-B,2022-09-01,医疗保健
0.020718660093983883,0.081257591890401,0.4,1.6666666666666667,0,0.0,0,0.0,0.0,0.0,0.0,1880.HK,中国中免,2022-08-25,可选消费
-0.016483148505769055,0.21924151669554465,0.35000000000000003,1.5384615384615388,0,-0.00116279069767439,1,-0.024390243902438935,-0.024390243902438935,-0.024390243902438935,-0.024390243902438935,2152.HK,苏新服务,2022-08-24,房地产
0.2298715596231546,0.6770516959793719,0.28196553601375207,1.392690811034876,1,0.410714285714286,0,-0.15000000000000002,-0.15000000000000002,-0.15000000000000002,-0.15000000000000002,2321.HK,双财庄,2022-08-19,日常消费
-0.06346453448926241,0.28507577610159096,0.19999999999999998,1.25,0,0.0,0,0.0,0.0,0.0,0.0,2562.HK,狮腾控股,2022-08-15,金融
-0.0003015510839681371,0.09085333343798102,0.37,1.5873015873015872,0,-0.027027027027027,1,-0.043243243243243246,-0.06126126126126119,-0.06126126126126119,-0.06126126126126119,9857.HK,柠萌影视,2022-08-10,通讯服务
0.6932774386274339,0.7858387073161605,0.2494408617892264,1.3323400503574683,1,1.4307692307692301,0,-0.1477272727272727,-0.1477272727272727,-0.1477272727272727,-0.1477272727272727,2237.HK,中国石墨,2022-07-18,材料
0.10482344262986233,0.11773317912715076,0.39,1.639344262295082,0,-0.00162337662337659,1,-0.014170040485829927,-0.07894736842105265,-0.07894736842105265,-0.08906882591093113,2172.HK,微创脑科学,2022-07-15,医疗保健
0.1944090270355449,0.3744550239647314,0.32,1.4705882352941178,0,0.12962962962962998,0,-0.05263157894736825,-0.05263157894736825,-0.08771929824561397,-0.1929824561403508,1204.HK,博维智慧,2022-07-15,信息技术
-0.03156169015309616,0.1823261615453148,0.4,1.6666666666666667,0,0.0,0,-0.08571428571428563,-0.08571428571428563,-0.20000000000000007,-0.20000000000000007,2418.HK,德银天下,2022-07-15,工业
0.09693367722071321,0.033275072351458775,0.41000000000000003,1.6949152542372883,0,0.0,0,-0.024832214765100558,-0.024832214765100558,-0.024832214765100558,-0.024832214765100558,9696.HK,天齐锂业,2022-07-13,材料
-0.11863504247674694,0.4429803595873549,0.27999999999999997,1.3888888888888888,0,-0.0789473684210527,1,-0.08026755852842815,-0.10869565217391308,-0.10869565217391308,-0.10869565217391308,6661.HK,湖州燃气,2022-07-13,公用事业
-0.04996080013991637,0.11449251439728794,0.30000000000000004,1.4285714285714286,0,-0.044520547945205505,1,-0.05052631578947364,-0.05052631578947364,-0.056842105263157805,-0.06245614035087721,6686.HK,诺亚控股,2022-07-13,金融
-0.03650622502394085,0.11617073861908643,0.39,1.639344262295082,0,-0.0304347826086956,1,-0.0060606060606061,-0.021212121212121127,-0.021212121212121127,-0.1515151515151515,9896.HK,名创优品,2022-07-13,可选消费
0.03701125413685103,0.11221006772923775,0.4,1.6666666666666667,0,-0.0526315789473684,1,0.0,0.0,0.0,0.0,2385.HK,读书郎,2022-07-12,信息技术
0.006648035062370446,0.2656194466271063,0.3,1.4285714285714286,0,0.0,0,-0.03164556962025322,-0.03164556962025322,-0.03164556962025322,-0.03164556962025322,2361.HK,中康控股,2022-07-12,医疗保健
-0.17274602308880926,0.7955101492852334,0.14299323380984438,1.1668519309894416,1,-0.25168918918918903,1,-0.14171656686626743,-0.30738522954091807,-0.3313373253493014,-0.3672654690618762,2376.HK,鲁商服务,2022-07-08,房地产
0.23169569073505794,0.12078809287400447,0.41000000000000003,1.6949152542372883,0,0.00641025641025642,0,-0.05288461538461542,-0.15865384615384615,-0.15865384615384615,-0.15865384615384615,2392.HK,玄武云,2022-07-08,信息技术
-0.08975755944521323,0.6648030600264596,0.2201312933156936,1.2822671193611612,1,-0.153846153846154,1,-0.1071428571428571,-0.21071428571428563,-0.21071428571428563,-0.21071428571428563,2297.HK,润迈德-B,2022-07-08,医疗保健
-0.08716807394871448,0.6731529768038109,0.21456468213079272,1.2731793150235224,1,-0.0754098360655738,1,-0.20163934426229502,-0.20163934426229502,-0.22622950819672127,-0.260655737704918,9955.HK,智云健康,2022-07-06,医疗保健
-0.06279318502346047,0.36995389370337206,0.25,1.3333333333333333,0,0.0,0,-0.01329243353783216,-0.024539877300613466,-0.1155419222903884,-0.13190184049079745,2391.HK,涂鸦智能-W,2022-07-05,信息技术
-0.022069064804880707,0.6223224031286648,0.2869193992178338,1.402366014309065,1,0.0,0,-0.09999999999999998,-0.18571428571428572,-0.18571428571428572,-0.18571428571428572,2372.HK,伟立控股,2022-06-30,材料
0.16113362426868483,0.14016374852985164,0.41000000000000003,1.6949152542372883,0,-0.000778210116731501,1,0.0,0.0,-0.0031152647975076775,-0.0031152647975076775,2167.HK,天润云,2022-06-30,信息技术
-0.10198921000449519,0.6489508625604169,0.23026228435989576,1.2991438248136413,1,-0.22232558139534897,1,-0.22232558139534886,-0.3925581395348837,-0.49302325581395345,-0.49953488372093025,2246.HK,快狗打车,2022-06-24,工业
0.07365115375679904,0.11381355913036481,0.38,1.6129032258064517,0,0.0,0,-0.07597535934291588,-0.15811088295687892,-0.15811088295687892,-0.17453798767967155,6667.HK,美因基因,2022-06-22,医疗保健
0.12637695709995164,0.658578353762506,0.26928109749166274,1.368515302624993,1,0.0,0,-0.12280701754385959,-0.16228070175438591,-0.16666666666666663,-0.23245614035087714,2347.HK,友和集团,2022-06-10,可选消费
-0.0018607308356923345,0.6396573566835352,0.2525856608291162,1.3379459659675683,1,0.0773130544993663,0,-0.16349809885931565,-0.16349809885931565,-0.16349809885931565,-0.16349809885931565,2325.HK,云康集团,2022-05-18,医疗保健
-0.10376844413044499,0.3087003726836197,0.24,1.3157894736842106,0,,0,0.0,-0.0033333333333334103,-0.0033333333333334103,-0.09999999999999998,2423.HK,贝壳-W,2022-05-11,房地产
-0.03628355161444707,0.1397414458720068,0.37,1.5873015873015872,0,0.0,0,-0.04033613445378159,-0.04033613445378159,-0.09747899159663864,-0.09747899159663864,2352.HK,东原仁知服务,2022-04-29,房地产
-0.16399808274473274,0.1803421645128725,0.36,1.5625,0,-0.235807860262009,1,-0.06012024048096187,-0.10220440881763526,-0.10220440881763526,-0.10220440881763526,2390.HK,知乎-W,2022-04-22,信息技术
-0.018369575912300536,0.13617587891691027,0.39,1.639344262295082,0,-0.00131118881118871,1,-0.008676789587852451,-0.008676789587852451,-0.008676789587852451,-0.008676789587852451,9638.HK,法拉帝,2022-03-31,可选消费
-0.015431500793264113,0.2878362110926345,0.27,1.36986301369863,0,0.0181451612903226,0,-0.020000000000000018,-0.020000000000000018,-0.020000000000000018,-0.020000000000000018,2179.HK,瑞科生物-B,2022-03-31,医疗保健
0.14892500587500168,0.3130857965657292,0.29000000000000004,1.4084507042253522,0,0.26341463414634203,0,-0.00879120879120876,-0.00879120879120876,-0.00879120879120876,-0.00879120879120876,2370.HK,力高健康生活,2022-03-31,房地产
0.45415258981433426,0.1888999877044866,0.47,1.8867924528301885,0,,0,-0.02300000000000002,-0.28200000000000003,-0.28200000000000003,-0.28200000000000003,0587.HK,海螺环保,2022-03-30,工业
-0.09212997849655886,0.4960882280494431,0.24847794298763923,1.3306329344150605,1,,0,-0.2401628222523745,-0.2401628222523745,-0.2401628222523745,-0.2401628222523745,6655.HK,华新建材,2022-03-28,材料
-0.04459850906081866,0.5556321811406537,0.26359195471483654,1.3579427959844794,1,-0.0560875512995895,1,-0.11095890410958897,-0.12191780821917808,-0.12191780821917808,-0.12191780821917808,6639.HK,瑞尔集团,2022-03-22,医疗保健
-0.09701898049157313,0.5297743548859032,0.2700564112785242,1.369968879035623,1,-0.28746928746928796,1,-0.29594594594594603,-0.5527027027027027,-0.5527027027027027,-0.5527027027027027,0816.HK,金茂服务,2022-03-10,房地产
-0.13472871942686854,0.2077337889827537,0.29000000000000004,1.4084507042253522,0,,0,-0.007499999999999951,-0.32499999999999996,-0.32499999999999996,-0.32499999999999996,9866.HK,蔚来-SW,2022-03-10,可选消费
-0.019014402351725742,0.11840240697651999,0.39,1.639344262295082,0,0.0014025245441794901,0,-0.060308555399719466,-0.060308555399719466,-0.060308555399719466,-0.060308555399719466,2157.HK,乐普生物-B,2022-02-23,医疗保健
0.10051443547912968,0.1790128342467898,0.4,1.6666666666666667,0,0.048837209302325595,0,-0.012629161882893203,-0.012629161882893203,-0.012629161882893203,-0.03559127439724452,9878.HK,汇通达网络,2022-02-18,信息技术
0.13124145360921893,0.469626953350357,0.31509326166241075,1.4600527984688942,0,-0.0375,1,-0.08176100628930827,-0.09433962264150952,-0.1823899371069182,-0.3018867924528301,1406.HK,清晰医疗,2022-02-18,医疗保健
-0.1944350497443313,0.6147678272312889,0.24880804319217775,1.3312176613944102,1,-0.254752851711027,1,-0.2547528517110266,-0.38403041825095063,-0.38403041825095063,-0.38403041825095063,2121.HK,创新奇智,2022-01-27,信息技术
0.537351831801901,0.5992322935677172,0.3326919266080707,1.4985582220173006,1,0.165853658536586,0,-0.10000000000000009,-0.2038461538461539,-0.4115384615384615,-0.4115384615384615,2250.HK,小黄鸭德盈,2022-01-17,通讯服务
-0.021050248561457572,0.04626052223353409,0.4,1.6666666666666667,0,-0.165680473372781,1,-0.09090909090909094,-0.1558441558441559,-0.1558441558441559,-0.1558441558441559,6680.HK,金力永磁,2022-01-14,材料
-0.04312057638319129,0.38822858666927224,0.32999999999999996,1.4925373134328357,0,0.00819672131147542,0,-0.03149606299212604,-0.14960629921259838,-0.14960629921259838,-0.14960629921259838,2260.HK,环龙控股,2022-01-11,可选消费
0.23405026897842773,0.06959646984771481,0.42000000000000004,1.7241379310344829,0,0.284403669724771,0,-0.015444015444015413,-0.015444015444015413,-0.015444015444015413,-0.015444015444015413,2285.HK,泉峰控股,2021-12-30,可选消费
0.07641155127460206,0.36700710404334425,0.28,1.3888888888888888,0,0.182094081942337,0,-0.016691957511380973,-0.016691957511380973,-0.016691957511380973,-0.016691957511380973,2257.HK,圣诺医药-B,2021-12-30,医疗保健
0.016471029254151635,0.23272961807317022,0.54,2.173913043478261,0,0.0727272727272727,0,-0.002557544757033292,-0.002557544757033292,-0.002557544757033292,-0.002557544757033292,0020.HK,商汤-W,2021-12-30,信息技术
-0.058701509765113784,0.3447518067651867,0.27,1.36986301369863,0,-0.0541176470588235,1,-0.029661016949152463,-0.029661016949152463,-0.029661016949152463,-0.029661016949152463,2185.HK,百心安-B,2021-12-23,医疗保健
-0.03627346509448738,0.26596937589368563,0.29,1.4084507042253522,0,-0.0540540540540541,1,-0.09482758620689646,-0.09482758620689646,-0.09482758620689646,-0.09482758620689646,2270.HK,德商产投服务,2021-12-17,房地产
-0.03364271660874099,0.32838384981093766,0.29,1.4084507042253522,0,0.0201793721973094,0,-0.04966139954853266,-0.05191873589164775,-0.05191873589164775,-0.05191873589164775,2276.HK,康耐特光学,2021-12-16,可选消费
0.0421383481865083,0.046589059372951276,0.4,1.6666666666666667,0,-0.046428571428571395,1,-0.09313725490196068,-0.09313725490196068,-0.09313725490196068,-0.09313725490196068,6633.HK,青瓷游戏,2021-12-16,通讯服务
-0.057805650251914115,0.1373502612722436,0.4,1.6666666666666667,0,-0.092570036540804,1,-0.09473684210526312,-0.106578947368421,-0.106578947368421,-0.106578947368421,9699.HK,顺丰同城,2021-12-14,工业
0.06856344454688963,0.029586583716331525,0.44000000000000006,1.7857142857142858,0,0.050632911392405104,0,-0.006345177664974555,-0.006345177664974555,-0.006345177664974555,-0.006345177664974555,2279.HK,雍禾医疗,2021-12-13,医疗保健
0.052091285787371114,0.02357906864951379,0.38,1.6129032258064517,0,-0.0463917525773196,1,-0.05515463917525765,-0.23969072164948457,-0.24587628865979372,-0.24587628865979372,6821.HK,凯莱英,2021-12-10,医疗保健
-0.02604617254400913,0.5474812017748352,0.2656296995562912,1.3617108417862174,1,0.0,0,-0.1422155688622755,-0.1422155688622755,-0.2979041916167665,-0.30688622754491024,2273.HK,固生堂,2021-12-10,医疗保健
-0.2099590688162628,0.6227595205763012,0.20681011985592468,1.260732171492606,1,-0.269293924466338,1,-0.12142857142857155,-0.1479591836734695,-0.1836734693877552,-0.1836734693877552,1228.HK,北海康成-B,2021-12-10,医疗保健
-0.040183714956371096,0.12033930768007904,0.35000000000000003,1.5384615384615388,0,-0.0718475073313784,1,-0.012490241998438623,-0.061670569867291136,-0.14910226385636216,-0.14910226385636216,9898.HK,微博-SW,2021-12-08,信息技术
-0.021286597277814664,0.21199154187565195,0.37,1.5873015873015872,0,-0.0248780487804878,1,-0.024878048780487827,-0.08341463414634143,-0.11365853658536595,-0.34585365853658534,9899.HK,网易云音乐,2021-12-02,通讯服务
-0.0701753057889966,0.7671987521398261,0.18686749857344925,1.2298118673716905,1,-0.10784313725490201,1,-0.14423076923076927,-0.2596153846153846,-0.2596153846153846,-0.2596153846153846,2265.HK,鸿承环保科技,2021-11-12,工业
-0.02791065073960584,0.07187412733163363,0.4,1.6666666666666667,0,-0.0288184438040346,1,-0.07636887608069165,-0.26801152737752165,-0.26801152737752165,-0.31772334293948123,9956.HK,安能物流,2021-11-11,工业
0.03436504956002636,0.17388161540491784,0.38,1.6129032258064517,0,-0.0024154589371980202,1,-0.05676328502415451,-0.19565217391304335,-0.19565217391304335,-0.19565217391304335,2210.HK,京城佳业,2021-11-10,房地产
0.027674183937865804,0.08699198129767702,0.41000000000000003,1.6949152542372883,0,-0.044776119402985,1,-0.06865671641791049,-0.06865671641791049,-0.08805970149253728,-0.15522388059701497,1948.HK,优矩控股,2021-11-08,通讯服务
-0.02618814993838954,0.051506559703499884,0.39,1.639344262295082,0,-0.0945406125166444,1,-0.03106508875739633,-0.15162721893491116,-0.15162721893491116,-0.15162721893491116,2251.HK,鹰瞳科技-B,2021-11-05,医疗保健
-0.01698381288314159,0.30503275551386605,0.3,1.4285714285714286,0,-0.0298953662182362,1,-0.0866965620328849,-0.34230194319880414,-0.34230194319880414,-0.34230194319880414,2197.HK,三叶草生物-B,2021-11-05,医疗保健
0.06010601787780408,0.0784068968746199,0.41000000000000003,1.6949152542372883,0,0.060185185185185,0,-0.005025125628140614,-0.005025125628140614,-0.005025125628140614,-0.005025125628140614,2252.HK,微创机器人-B,2021-11-02,医疗保健
0.020602625322155874,0.09515973325666577,0.4,1.6666666666666667,0,0.0,0,-0.01774193548387104,-0.01935483870967747,-0.01935483870967747,-0.01935483870967747,2235.HK,微泰医疗-B,2021-10-19,医疗保健
-0.06716945016004067,0.2429924351703947,0.4,1.6666666666666667,0,,0,,,,,2256.HK,和誉-B,2021-10-13,医疗保健
-0.025790725904827734,0.6321420703433064,0.2544644824141734,1.3413177191586707,1,0.0416666666666667,0,-0.18625000000000003,-0.18625000000000003,-0.18625000000000003,-0.18625000000000003,9889.HK,东莞农商银行,2021-09-29,金融
-0.10361296957145123,0.28895951642471857,0.27999999999999997,1.3888888888888888,0,-0.1725,1,-0.0707692307692308,-0.0707692307692308,-0.0707692307692308,-0.0707692307692308,6628.HK,创胜集团-B,2021-09-29,医疗保健
-0.0842532081542128,0.561026379854923,0.26224340503626925,1.3554606042514081,1,-0.197860962566845,1,-0.18888888888888888,-0.3222222222222223,-0.3222222222222223,-0.3222222222222223,2216.HK,堃博医疗-B,2021-09-24,医疗保健
0.4705779826648655,0.26902809904168296,0.37,1.5873015873015872,0,0.229135053110774,0,-0.002169197396963196,-0.11930585683297179,-0.11930585683297179,-0.11930585683297179,9869.HK,海伦司,2021-09-10,可选消费
-0.06391685555037059,0.20212305491698465,0.4,1.6666666666666667,0,-0.260504201680672,1,-0.07205240174672489,-0.07205240174672489,-0.07205240174672489,-0.07205240174672489,6669.HK,先瑞达医疗-B,2021-08-24,医疗保健
-0.17278774577789946,0.13715954830499283,0.36,1.5625,0,-0.245614035087719,1,-0.0949008498583569,-0.15722379603399428,-0.15722379603399428,-0.15722379603399428,6609.HK,心玮医疗-B,2021-08-20,医疗保健
0.018634676171308595,0.1722462863124661,0.4,1.6666666666666667,0,-0.00847457627118644,1,-0.021186440677966156,-0.10932203389830508,-0.1372881355932204,-0.1372881355932204,2015.HK,理想汽车-W,2021-08-12,可选消费
-0.02765230267145028,0.17481267075772017,0.39,1.639344262295082,0,0.0,0,-0.0021008403361344463,-0.0021008403361344463,-0.0021008403361344463,-0.0021008403361344463,6611.HK,三巽集团,2021-07-19,房地产
0.02779431643887725,0.30264400780523715,0.33999999999999997,1.5151515151515151,0,-0.0756646216768916,1,-0.07668711656441718,-0.26073619631901834,-0.263803680981595,-0.296523517382413,9960.HK,康圣环球,2021-07-16,医疗保健
0.19028052641425983,0.3499001374864832,0.35,1.5384615384615383,0,0.138461538461539,0,-0.09756097560975596,-0.21951219512195108,-0.21951219512195108,-0.21951219512195108,6616.HK,环球新材国际,2021-07-16,材料
-0.016527480811196427,0.23441422745594373,0.4,1.6666666666666667,0,0.0,0,0.0,0.0,0.0,0.0,2175.HK,中国通才教育,2021-07-16,可选消费
0.2829342497081939,0.12616440668541917,0.45000000000000007,1.8181818181818183,0,-0.010869565217391299,1,-0.07065217391304357,-0.07065217391304357,-0.07065217391304357,-0.07065217391304357,2205.HK,康桥悦生活,2021-07-16,房地产
0.030969548258804668,0.22411059597453659,0.41000000000000003,1.6949152542372883,0,0.0,0,0.0,0.0,0.0,0.0,2215.HK,德信服务集团,2021-07-15,房地产
0.40656966105886705,0.08621324068933924,0.52,2.0833333333333335,0,0.139705882352941,0,-0.02076124567474036,-0.02076124567474036,-0.02076124567474036,-0.08131487889273348,2192.HK,医脉通,2021-07-15,医疗保健
0.08826360355118719,0.6949085497581013,0.26506096682793245,1.3606570815594101,1,0.25,0,-0.14406779661016955,-0.14406779661016955,-0.14406779661016955,-0.14406779661016955,6909.HK,百得利控股,2021-07-15,可选消费
-0.11963113928353074,0.6356854431959972,0.2735786392010007,1.376611501209282,1,-0.169811320754717,1,-0.10344827586206895,-0.18620689655172418,-0.28275862068965507,-0.28275862068965507,6913.HK,华南职业教育,2021-07-13,可选消费
0.03394156636719582,0.23879596035169012,0.44000000000000006,1.7857142857142858,0,0.0314606741573033,0,-0.051401869158878455,-0.10373831775700926,-0.10373831775700926,-0.10373831775700926,2137.HK,腾盛博药-B,2021-07-13,医疗保健
-0.12550467769358142,0.5815425019160085,0.25711437452099783,1.3461022339141562,1,-0.237774030354132,1,-0.26759410801964,-0.38625204582651396,-0.38625204582651396,-0.5474631751227497,2177.HK,优趣汇控股,2021-07-12,可选消费
-0.016067071422926613,0.8232199278541931,0.0,1.0,1,0.0,0,-0.1942307692307692,-0.1942307692307692,-0.1942307692307692,-0.1942307692307692,2165.HK,领悦服务集团,2021-07-12,房地产
0.03556963411100747,0.6950338942148399,0.23997740385677346,1.3157503541007216,1,0.054878048780487895,0,-0.2857142857142857,-0.3581780538302277,-0.422360248447205,-0.422360248447205,2209.HK,喆丽控股,2021-07-09,可选消费
0.36607357749902675,0.7503960480474677,0.20306930130168818,1.2548142537781226,1,0.415094339622641,0,-0.2833333333333333,-0.45666666666666667,-0.47,-0.47,1965.HK,朗诗绿色生活,2021-07-08,房地产
0.22836526780499944,0.5956819619912763,0.2835795095021809,1.3958283065091146,1,0.275797373358349,0,-0.1512820512820513,-0.16666666666666663,-0.16666666666666663,-0.20512820512820518,2162.HK,康诺亚-B,2021-07-08,医疗保健
0.24884712243016452,0.062224096209847576,0.5,2.0,0,0.330188679245283,0,0.0,0.0,0.0,0.0,2219.HK,朝聚眼科,2021-07-07,医疗保健
0.02081105909910291,0.11959742530318632,0.4,1.6666666666666667,0,0.0,0,-0.05178571428571421,-0.11011904761904767,-0.15416666666666667,-0.15416666666666667,9868.HK,小鹏汽车-W,2021-07-07,可选消费
0.3834517601584155,0.17944156161115113,0.47,1.8867924528301885,0,0.405152224824356,0,-0.08181818181818179,-0.08181818181818179,-0.08181818181818179,-0.14909090909090916,2190.HK,归创通桥,2021-07-05,医疗保健
0.0648505789751783,0.06319824311773548,0.44000000000000006,1.7857142857142858,0,0.081081081081081,0,-0.015748031496062964,-0.015748031496062964,-0.015748031496062964,-0.015748031496062964,0606.HK,中骏商管,2021-07-02,房地产
0.27052673718190157,0.06813428005236419,0.42000000000000004,1.7241379310344829,0,0.503740648379052,0,-0.0038910505836574627,-0.0038910505836574627,-0.0038910505836574627,-0.0038910505836574627,0013.HK,和黄医药,2021-06-30,医疗保健
0.09383864420658326,0.6502775071699791,0.2948149952200139,1.4180675896703085,1,-0.135353535353535,1,-0.1155885471898197,-0.16224814422057254,-0.19406150583244963,-0.19406150583244963,2150.HK,奈雪的茶,2021-06-30,可选消费
0.07282428213458046,0.07365223047230929,0.44000000000000006,1.7857142857142858,0,0.0,0,-0.02083333333333326,-0.02083333333333326,-0.02083333333333326,-0.02083333333333326,6626.HK,越秀服务,2021-06-28,房地产
0.8866928858648288,0.1796304462668835,0.52,2.0833333333333335,0,2.5887096774193497,0,0.0,0.0,0.0,0.0,2155.HK,森松国际,2021-06-28,工业
-0.08438266755894536,0.6997764244765067,0.2468157170156622,1.3276963189376518,1,-0.1189111747851,1,-0.14808917197452243,-0.14808917197452243,-0.14808917197452243,-0.14808917197452243,9858.HK,优然牧业,2021-06-18,日常消费
-0.05559031960258763,0.22500976365581576,0.43000000000000005,1.7543859649122808,0,-0.0853658536585365,1,-0.01663585951940849,-0.01663585951940849,-0.01663585951940849,-0.01663585951940849,2171.HK,科济药业-B,2021-06-18,医疗保健
1.0173536188249455,0.24837853131887822,0.45,1.8181818181818181,0,1.31791907514451,0,-0.0625,-0.07450000000000001,-0.07450000000000001,-0.07450000000000001,6699.HK,时代天使,2021-06-16,医疗保健
-0.08308148716673275,0.10318139667261539,0.42000000000000004,1.7241379310344829,0,-0.12,1,-0.040000000000000036,-0.040000000000000036,-0.040000000000000036,-0.05999999999999994,9982.HK,中原建业,2021-05-31,房地产
0.25621070943460056,0.6881580161258879,0.2745613225827414,1.3784762670226625,1,0.033201189296333096,0,-0.10423452768729635,-0.12269272529858843,-0.12269272529858843,-0.12269272529858843,2618.HK,京东物流,2021-05-28,工业
0.0477123055061763,0.10131971132688841,0.41000000000000003,1.6949152542372883,0,0.00526315789473685,0,-0.023684210526315752,-0.02631578947368407,-0.02631578947368407,-0.02631578947368407,3658.HK,新希望服务,2021-05-25,房地产
-0.09527987029229604,0.16872147721907838,0.39,1.639344262295082,0,-0.147619047619048,1,-0.0798969072164949,-0.20360824742268047,-0.2822164948453608,-0.32345360824742264,6622.HK,兆科眼科-B,2021-04-29,医疗保健
0.11465865788689145,0.18252388231085387,0.39,1.639344262295082,0,0.04552238805970141,0,-0.020640569395017794,-0.020640569395017794,-0.020640569395017794,-0.020640569395017794,9961.HK,携程集团-S,2021-04-19,可选消费
0.1725738302577483,0.15095005696575117,0.5,2.0,0,0.09897610921501719,0,-0.03933747412008293,-0.03933747412008293,-0.03933747412008293,-0.03933747412008293,9959.HK,联易融科技-W,2021-04-09,信息技术
0.08291220665335834,0.24138074474548993,0.41000000000000003,1.6949152542372883,0,-0.160377358490566,1,-0.09507640067911716,-0.1341256366723259,-0.1578947368421052,-0.23599320882852293,6608.HK,百融云-W,2021-03-31,信息技术
0.16478134805156963,0.3123858641682086,0.35,1.5384615384615383,0,0.0634920634920635,0,-0.07194244604316535,-0.07194244604316535,-0.07194244604316535,-0.07194244604316535,6939.HK,美佳音控股,2021-03-31,信息技术
-0.2663062306464987,0.8305079361368419,0.0,1.0,1,-0.410714285714286,1,-0.1875,-0.1875,-0.27500000000000013,-0.27500000000000013,2195.HK,盈汇企业控股,2021-03-31,工业
0.04635136544750333,0.10598291103950822,0.38,1.6129032258064517,0,-0.0099009900990099,1,-0.04683544303797471,-0.04683544303797471,-0.04683544303797471,-0.04683544303797471,9626.HK,哔哩哔哩-W,2021-03-29,信息技术
-0.18124511744106495,0.6538775113441261,0.2524149924372493,1.3376405223269037,1,-0.293333333333333,1,-0.28275862068965507,-0.32413793103448274,-0.32413793103448274,-0.32413793103448274,2187.HK,智欣集团控股,2021-03-26,材料
0.008917209583648453,0.16744301947896065,0.39,1.639344262295082,0,0.0,0,-0.009448818897637823,-0.21102362204724412,-0.21102362204724412,-0.21102362204724412,9888.HK,百度集团-SW,2021-03-23,信息技术
-0.23514477218559737,0.9209928650037835,0.0,1.0,1,-0.266666666666667,1,-0.2753623188405796,-0.2753623188405796,-0.3840579710144927,-0.3840579710144927,1927.HK,久久王,2021-03-16,日常消费
0.049858618564435506,0.27873133684345214,0.28,1.3888888888888888,0,0.020986954055587002,0,-0.015469613259668558,-0.015469613259668558,-0.015469613259668558,-0.015469613259668558,2518.HK,汽车之家-S,2021-03-15,信息技术
-0.16153727531606987,0.7459215874359263,0.24605227504271582,1.326351903318836,1,-0.222222222222222,1,-0.2058823529411764,-0.2941176470588236,-0.2941176470588236,-0.2941176470588236,1413.HK,铸帝控股,2021-03-11,工业
0.050409811192710575,0.11065596908040835,0.49000000000000005,1.9607843137254901,0,-0.131521739130435,1,-0.07224334600760451,-0.07224334600760451,-0.07224334600760451,-0.07224334600760451,6601.HK,朝云集团,2021-03-10,可选消费
0.127052755115434,0.012909516675199486,0.41000000000000003,1.6949152542372883,0,-0.0860927152317881,1,-0.06756756756756754,-0.1216216216216216,-0.1216216216216216,-0.15472972972972976,6127.HK,昭衍新药,2021-02-26,医疗保健
0.3004024568185685,0.3256298287574924,0.48,1.923076923076923,0,0.267857142857143,0,-0.014925373134328401,-0.20895522388059706,-0.20895522388059706,-0.25373134328358216,1473.HK,环联连讯,2021-02-19,通讯服务
0.05646413519668049,0.13161481355389376,0.44000000000000006,1.7857142857142858,0,0.0124269005847953,0,-0.08333333333333337,-0.11333333333333329,-0.11333333333333329,-0.11333333333333329,2170.HK,贝康医疗-B,2021-02-08,医疗保健
0.4189897717982479,0.09234343324225316,0.5800000000000001,2.3809523809523814,0,0.8,0,-0.006756756756756799,-0.006756756756756799,-0.006756756756756799,-0.006756756756756799,2161.HK,健倍苗苗,2021-02-05,医疗保健
0.9667447409481263,0.6635402530277074,0.3109731646481951,1.4513222833903379,1,1.60869565217391,0,-0.1124260355029586,-0.16272189349112431,-0.16272189349112431,-0.16272189349112431,1024.HK,快手-W,2021-02-05,通讯服务
0.6514485023088377,0.6290972832320566,0.37522567919198585,1.600577947420615,1,0.542622950819672,0,-0.1572093023255814,-0.23720930232558146,-0.23720930232558146,-0.23720930232558146,2160.HK,微创心通-B,2021-02-04,医疗保健
0.09554244256423088,0.2849158496536933,0.39,1.639344262295082,0,0.036269430051813496,0,-0.09545454545454557,-0.1227272727272728,-0.1227272727272728,-0.1227272727272728,6668.HK,星盛商业,2021-01-26,房地产
0.208756418595604,0.7921115586811883,0.18025896087920784,1.219897445994095,1,0.263333333333333,0,-0.09999999999999998,-0.09999999999999998,-0.15000000000000002,-0.245,2159.HK,麦迪卫康,2021-01-19,医疗保健
-0.2440132611213664,0.7452539979032664,0.20649733473115578,1.2602352125196619,1,-0.36,1,-0.2977777777777778,-0.36444444444444446,-0.5066666666666666,-0.5066666666666666,9608.HK,宋都服务,2021-01-18,房地产
-0.07731604208279766,0.2316703747502532,0.4,1.6666666666666667,0,-0.08172362555720661,1,-0.034375000000000044,-0.10625000000000007,-0.10625000000000007,-0.2578125,2146.HK,荣万家,2021-01-15,房地产
0.06729140900114722,0.35176893614489707,0.33999999999999997,1.5151515151515151,0,0.06779661016949161,0,-0.03418803418803418,-0.18803418803418803,-0.18803418803418803,-0.27350427350427353,1643.HK,现代中药集团,2021-01-15,医疗保健
0.2895419964875376,0.6685366087823611,0.3276422608117593,1.4873034721178824,1,0.219512195121951,0,-0.11764705882352944,-0.2176470588235293,-0.2529411764705882,-0.27647058823529413,1490.HK,车市科技,2021-01-15,通讯服务
0.5799345837565167,0.5646867772789997,0.45132830568025006,1.822583541948182,1,0.8367346938775511,0,-0.12857142857142867,-0.12857142857142867,-0.12857142857142867,-0.16428571428571437,2125.HK,稻草熊娱乐,2021-01-15,通讯服务
1.123548812230786,0.30334965156918364,0.44,1.7857142857142856,0,1.47908745247148,0,0.0,0.0,0.0,-0.18712446351931333,2158.HK,医渡科技,2021-01-15,医疗保健
0.06122624226940109,0.35487624722229105,0.31,1.4492753623188408,0,-0.08670520231213869,1,0.0,0.0,0.0,0.0,2153.HK,达丰设备,2021-01-13,工业
-0.027389251076719565,0.7510589627931042,0.2526273581379305,1.3380206124598202,1,-0.125,1,-0.2717391304347826,-0.47608695652173916,-0.47608695652173916,-0.508695652173913,2129.HK,LEGION CONSO,2021-01-13,工业
0.08579617839675474,0.32522723654910934,0.33999999999999997,1.5151515151515151,0,0.175675675675676,0,0.0,0.0,0.0,0.0,8489.HK,裕程物流,2021-01-13,工业
0.011022232304504068,0.6001690939167915,0.29245772652080215,1.4133431138788353,1,0.037499999999999895,0,-0.1785714285714286,-0.1785714285714286,-0.1785714285714286,-0.1785714285714286,1440.HK,应星控股,2021-01-13,可选消费
-0.00759008433861413,0.5315198548857617,0.2796200362785596,1.3881563207755792,0,0.024999999999999897,0,0.0,-0.14572864321608037,-0.14572864321608037,-0.14572864321608037,1855.HK,中庆股份,2021-01-06,工业
0.0635670742182683,0.2163149796178848,0.49000000000000005,1.9607843137254901,0,-0.059633027522935894,1,-0.004854368932038944,-0.004854368932038944,-0.191747572815534,-0.2669902912621359,9600.HK,新纽科技,2021-01-06,信息技术
0.4734704826654382,0.11825488525418047,0.43,1.7543859649122806,0,,0,-0.032786885245901565,-0.2426229508196721,-0.2426229508196721,-0.2426229508196721,2156.HK,建发物业,2020-12-31,房地产
-0.12188999977937551,0.48431946025224903,0.27142013493693773,1.3725331263628113,0,-0.030400000000000097,1,-0.05374592833876224,-0.05374592833876224,-0.05374592833876224,-0.05374592833876224,1379.HK,温岭工量刃具,2020-12-30,房地产
0.2853876251887272,0.5756193693919721,0.31859515765200697,1.4675563451445222,1,0.054545454545454494,0,-0.2793931731984829,-0.3786346396965866,-0.4058154235145386,-0.4576485461441213,1945.HK,清科控股,2020-12-30,金融
0.05663173021306358,0.6115165377626397,0.3496208655593401,1.5375647019488432,1,0.182481751824818,0,-0.1470588235294118,-0.1470588235294118,-0.1470588235294118,-0.1470588235294118,1940.HK,CGII HLDGS,2020-12-29,材料
-0.03755249666501019,0.3110089442296667,0.44,1.7857142857142856,0,0.016949152542372902,0,-0.05714285714285716,-0.05714285714285716,-0.05714285714285716,-0.05714285714285716,2127.HK,汇森股份,2020-12-29,可选消费
0.5124348259028086,0.7626262499295823,0.26491583338027846,1.3603884363317085,1,0.0874999999999999,0,-0.2421052631578947,-0.2421052631578947,-0.3263157894736841,-0.3263157894736841,2135.HK,瑞丽医美,2020-12-28,医疗保健
0.3529935964847951,0.11639935684714851,0.47,1.8867924528301885,0,,0,-0.05833333333333324,-0.05833333333333324,-0.05833333333333324,-0.05833333333333324,6690.HK,海尔智家,2020-12-23,可选消费
0.04178450559805743,0.48665801225621075,0.33083549693594727,1.494400846759021,1,0.03,0,-0.11639549436796004,-0.15519399249061328,-0.1864831038798498,-0.1864831038798498,1167.HK,加科思-B,2020-12-21,医疗保健
0.06997400175988167,0.06623862583009954,0.44000000000000006,1.7857142857142858,0,-0.005102040816326569,1,-0.07508532423208203,-0.07849829351535831,-0.16211604095563137,-0.1706484641638225,6677.HK,远洋服务,2020-12-17,房地产
0.15329717674920784,0.13091815866917805,0.5,2.0,0,0.163323782234957,0,-0.022922636103151928,-0.022922636103151928,-0.022922636103151928,-0.022922636103151928,2131.HK,云想科技,2020-12-17,工业
0.1386797209312745,0.13481852212082374,0.56,2.272727272727273,0,0.130699088145897,0,-0.08485639686684077,-0.118798955613577,-0.118798955613577,-0.118798955613577,6993.HK,蓝月亮集团,2020-12-16,日常消费
0.6784702549696162,0.5861906956759516,0.3359523260810121,1.5059159745238373,1,0.792207792207792,0,-0.11802853437094674,-0.20622568093385207,-0.20622568093385207,-0.20622568093385207,9992.HK,泡泡玛特,2020-12-11,可选消费
-0.07189618104415477,0.1442877629738631,0.43000000000000005,1.7543859649122808,0,-0.109854604200323,1,-0.07705192629815749,-0.19095477386934667,-0.19095477386934667,-0.19095477386934667,2142.HK,和铂医药-B,2020-12-10,医疗保健
-0.0005532858941610291,0.09213635713744667,0.39,1.639344262295082,0,0.0,0,0.0,0.0,0.0,0.0,6999.HK,领地控股,2020-12-10,房地产
0.27318067457860834,0.5552460758302525,0.3736884810424369,1.5966495421709734,1,0.255605381165919,0,-0.11525974025974028,-0.11525974025974028,-0.11525974025974028,-0.11525974025974028,1209.HK,华润万象生活,2020-12-09,房地产
0.12055690477586073,0.06296852268787938,0.42000000000000004,1.7241379310344829,0,0.00518134715025907,0,-0.05612244897959173,-0.05612244897959173,-0.05612244897959173,-0.05612244897959173,1153.HK,佳源服务,2020-12-09,房地产
0.4118172068067527,0.31274643752576536,0.42,1.7241379310344827,0,0.558515160102012,0,-0.020105820105820182,-0.020105820105820182,-0.020105820105820182,-0.020105820105820182,6618.HK,京东健康,2020-12-08,日常消费
-0.08851351566508617,0.7572610970605277,0.23849260195964822,1.3131848785361515,1,-0.146666666666667,1,-0.36842105263157887,-0.5578947368421052,-0.5859649122807018,-0.6421052631578947,2110.HK,天成控股,2020-12-07,工业
0.05311433444136898,0.09874567991115481,0.49000000000000005,1.9607843137254901,0,-0.00227272727272743,1,-0.03393665158371051,-0.1255656108597284,-0.1595022624434389,-0.1595022624434389,6666.HK,恒大物业,2020-12-02,房地产
0.0842659151413426,0.2050478191001792,0.44000000000000006,1.7857142857142858,0,0.011061946902655,0,-0.06734693877551023,-0.1122448979591838,-0.20510204081632655,-0.20510204081632655,6996.HK,德琪医药-B,2020-11-20,医疗保健
0.24635328545113272,0.11650392362586875,0.5,2.0,0,0.218965517241379,0,-0.012068965517241237,-0.012068965517241237,-0.012068965517241237,-0.012068965517241237,1516.HK,融创服务,2020-11-19,房地产
-0.03732018673147619,0.3671878932345495,0.38,1.6129032258064517,0,-0.0119047619047619,1,-0.06578947368421062,-0.06578947368421062,-0.06578947368421062,-0.14473684210526316,1795.HK,亚东集团,2020-11-18,可选消费
0.09085226910176493,0.06542429679791054,0.41000000000000003,1.6949152542372883,0,0.0,0,-0.02931596091205202,-0.07274701411509221,-0.07274701411509221,-0.07274701411509221,9666.HK,金科服务,2020-11-17,房地产
0.17338545067888045,0.6919515970350483,0.27203226864330116,1.3736872623959857,1,0.318181818181818,0,-0.20958083832335317,-0.29940119760479045,-0.29940119760479045,-0.29940119760479045,1351.HK,辉煌明天,2020-11-11,通讯服务
0.11063157278856814,0.10694466778243546,0.37000000000000005,1.5873015873015877,0,0.14705882352941202,0,-0.044895003620564755,-0.05865314989138304,-0.05865314989138304,-0.05865314989138304,9901.HK,新东方-S,2020-11-09,可选消费
0.31943093431886105,0.15882876785154174,0.44,1.7857142857142856,0,0.33973128598848396,0,0.0,0.0,0.0,0.0,9995.HK,荣昌生物,2020-11-09,医疗保健
0.10511081473355763,0.5562208275582393,0.32344479311044017,1.4780759793387253,1,-0.0756302521008404,1,-0.10266940451745377,-0.20410677618069828,-0.20410677618069828,-0.20410677618069828,2126.HK,药明巨诺-B,2020-11-03,医疗保健
0.044872053375836385,0.16461345310577552,0.4,1.6666666666666667,0,0.026211671612265102,0,0.0,0.0,0.0,0.0,9698.HK,万国数据-SW,2020-11-02,信息技术
-0.009508115778292137,0.0720012461824138,0.48000000000000004,1.923076923076923,0,-0.229404309252218,1,-0.06172839506172845,-0.17901234567901236,-0.17901234567901236,-0.17901234567901236,3913.HK,合景悠活,2020-10-30,房地产
0.19021082599065037,0.16418059808912758,0.5,2.0,0,0.0,0,-0.05063291139240511,-0.11012658227848104,-0.11012658227848104,-0.11012658227848104,0873.HK,世茂服务,2020-10-30,房地产
-0.014016582870818622,0.09114875176433122,0.43000000000000005,1.7543859649122808,0,0.0139534883720931,0,0.0,0.0,0.0,0.0,9993.HK,金辉控股,2020-10-29,房地产
0.06850256708561359,0.09666506522042977,0.49000000000000005,1.9607843137254901,0,-0.198540145985401,1,-0.0818181818181819,-0.0818181818181819,-0.19272727272727264,-0.19272727272727264,2096.HK,先声药业,2020-10-27,医疗保健
0.02579779422102701,0.289167610080302,0.39,1.639344262295082,0,0.052631578947368494,0,-0.05154639175257725,-0.05154639175257725,-0.05154639175257725,-0.05154639175257725,2169.HK,沧港铁路,2020-10-23,工业
-0.08012806713441713,0.5970194857909692,0.3432451285522577,1.5226381157944249,1,-0.266666666666667,1,-0.12,-0.25,-0.32499999999999996,-0.355,2107.HK,第一服务控股,2020-10-22,房地产
-0.02080740415657365,0.42356132979105454,0.3,1.4285714285714286,0,0.0349999999999999,0,-0.023809523809523947,-0.13809523809523816,-0.27142857142857146,-0.27142857142857146,1597.HK,纳泉能源科技,2020-10-20,工业
-0.13356550304604922,0.7134659162846808,0.2676893891435461,1.3655407762431262,1,-0.153846153846154,1,-0.1499999999999999,-0.16999999999999993,-0.33333333333333326,-0.33333333333333326,2132.HK,誉燊丰控股,2020-10-20,工业
0.17294324816980258,0.11087615562164946,0.5,2.0,0,0.029962546816479398,0,-0.04210526315789476,-0.0859649122807018,-0.11228070175438609,-0.11228070175438609,6989.HK,卓越商企服务,2020-10-19,房地产
-0.16677052588275118,0.7770319425003297,0.15531203833311355,1.1838691272770416,1,-0.228571428571428,1,-0.24285714285714277,-0.3857142857142857,-0.3857142857142857,-0.3857142857142857,8657.HK,TRUE PARTNER,2020-10-16,金融
0.15135638737936077,0.28423180724590147,0.32,1.4705882352941178,0,0.018796992481202902,0,-0.00375939849624074,-0.011278195488721887,-0.011278195488721887,-0.011278195488721887,2130.HK,嘉泓物流,2020-10-15,工业
-0.00963700779585972,0.11598374905694708,0.43000000000000005,1.7543859649122808,0,0.0,0,0.0,0.0,-0.014925373134328401,-0.014925373134328401,9677.HK,威海银行,2020-10-12,金融
0.20303207996051442,0.27029691468402345,0.32,1.4705882352941178,0,0.32272727272727303,0,-0.01700921332388383,-0.01700921332388383,-0.0744153082919915,-0.14953933380581141,1952.HK,云顶新耀,2020-10-09,医疗保健
0.27403498947612787,0.1535255173995264,0.45000000000000007,1.8181818181818183,0,0.164583333333333,0,-0.06849315068493156,-0.08904109589041087,-0.14383561643835618,-0.23116438356164382,6998.HK,嘉和生物,2020-10-07,医疗保健
0.12036979367929163,0.5052766795306486,0.3861808301173379,1.629144296994114,1,0.0,0,-0.23333333333333328,-0.24743589743589745,-0.28205128205128205,-0.28205128205128205,9616.HK,东软睿新集团,2020-09-29,可选消费
0.10934185225891246,0.12006667623468747,0.41000000000000003,1.6949152542372883,0,0.091743119266055,0,-0.031147540983606503,-0.09836065573770492,-0.10163934426229515,-0.10163934426229515,2057.HK,中通快递-W,2020-09-29,工业
0.04707994250089181,0.05679932035361504,0.4,1.6666666666666667,0,0.0132689987937273,0,-0.01764705882352946,-0.04941176470588238,-0.04941176470588238,-0.04941176470588238,9991.HK,宝尊电商-W,2020-09-29,信息技术
1.4739998688608906,0.7870118233849738,0.25865878441001755,1.3489065210062128,1,1.85714285714286,0,-0.3555555555555556,-0.3555555555555556,-0.3555555555555556,-0.3555555555555556,1429.HK,天任集团,2020-09-29,工业
0.059641874346074666,0.02969083831486474,0.36000000000000004,1.5625000000000002,0,0.0854092526690392,0,-0.018744906275468654,-0.018744906275468654,-0.018744906275468654,-0.018744906275468654,9688.HK,再鼎医药,2020-09-28,医疗保健
0.8312510720419227,0.35504889641291476,0.48,1.923076923076923,0,0.860606060606061,0,-0.03100775193798455,-0.03100775193798455,-0.03100775193798455,-0.03100775193798455,0909.HK,明源云,2020-09-25,信息技术
0.22004605427537371,0.1964681729782961,0.56,2.272727272727273,0,-0.0624999999999999,1,0.0,-0.059259259259259345,-0.059259259259259345,-0.059259259259259345,6988.HK,乐享集团,2020-09-23,通讯服务
0.0564300909714182,0.04533040990123448,0.38,1.6129032258064517,0,0.047138047138047104,0,-0.0052459016393443525,-0.0052459016393443525,-0.0052459016393443525,-0.0052459016393443525,1179.HK,华住集团-S,2020-09-22,可选消费
0.14273139084600406,0.21775639206483524,0.5,2.0,0,0.0314606741573033,0,-0.017204301075268824,-0.12903225806451624,-0.18172043010752692,-0.2505376344086022,2101.HK,福禄控股,2020-09-18,信息技术
1.474817572179081,0.8676117619974135,0.0,1.0,1,2.3,0,-0.13684210526315788,-0.4894736842105263,-0.6894736842105262,-0.7736842105263158,1455.HK,科利实业控股,2020-09-15,可选消费
1.1340033680835209,0.11002039023834782,0.46,1.8518518518518516,0,1.86,0,-0.04761904761904767,-0.04761904761904767,-0.04761904761904767,-0.04761904761904767,1408.HK,濠江机电,2020-09-11,工业
0.013192998591202394,0.12602512218093978,0.39,1.639344262295082,0,-0.0529126213592233,1,-0.05804878048780493,-0.05804878048780493,-0.05804878048780493,-0.05951219512195116,9987.HK,百胜中国,2020-09-10,可选消费
0.4639076360075128,0.5484638042298261,0.3953840489425435,1.653942470837939,1,0.53953488372093,0,-0.21356783919597988,-0.2211055276381909,-0.2211055276381909,-0.2211055276381909,9633.HK,农夫山泉,2020-09-08,日常消费
-0.15262111572041048,0.3193809384680396,0.37,1.5873015873015872,0,-0.182692307692308,1,0.0,0.0,0.0,0.0,9913.HK,智勤控股,2020-08-14,工业
0.2417938092944995,0.030260509743257114,0.42000000000000004,1.7241379310344829,0,0.133,0,-0.07478991596638662,-0.11596638655462177,-0.11596638655462177,-0.11596638655462177,3347.HK,泰格医药,2020-08-07,医疗保健
-0.06457449911980422,0.7306339939435841,0.23624400403761062,1.3093186898518885,1,-0.119047619047619,1,-0.14141414141414144,-0.2828282828282829,-0.33838383838383834,-0.33838383838383834,1449.HK,立德教育,2020-08-06,可选消费
0.09226027918082508,0.42965610780582353,0.33999999999999997,1.5151515151515151,0,0.111111111111111,0,-0.07142857142857129,-0.08571428571428563,-0.08571428571428563,-0.08571428571428563,0368.HK,德合集团,2020-07-17,可选消费
-0.0068412935540721875,0.7015256184544556,0.2056495876970296,1.2588902636820103,1,0.10400000000000001,0,-0.2818791946308725,-0.363758389261745,-0.363758389261745,-0.363758389261745,9908.HK,嘉兴燃气,2020-07-16,公用事业
-0.0064784017286871245,0.23182203144541652,0.48000000000000004,1.923076923076923,0,0.0,0,-0.018749999999999933,-0.054166666666666585,-0.054166666666666585,-0.07291666666666663,9668.HK,渤海银行,2020-07-16,金融
0.3990185084823112,0.15178150351664396,0.52,2.0833333333333335,0,0.587096774193548,0,-0.01891252955082745,-0.01891252955082745,-0.01891252955082745,-0.01891252955082745,1981.HK,华夏控股,2020-07-15,通讯服务
-0.19063414331649678,0.8064204480906276,0.0,1.0,1,-0.28571428571428603,1,-0.45833333333333326,-0.6166666666666667,-0.6166666666666667,-0.6166666666666667,1156.HK,中科天元,2020-07-15,工业
0.6399655154987307,0.25166287307601826,0.42,1.7241379310344827,0,0.75,0,-0.007058823529411784,-0.007058823529411784,-0.007058823529411784,-0.007058823529411784,9990.HK,祖龙娱乐,2020-07-15,通讯服务
-0.021316287778763616,0.8034899958530083,0.0,1.0,1,-0.10400000000000001,1,-0.1271186440677965,-0.15254237288135586,-0.15254237288135586,-0.15254237288135586,9986.HK,大山教育,2020-07-15,可选消费
-0.02963883637614603,0.18792797792895832,0.4,1.6666666666666667,0,-0.00254452926208657,1,-0.05089058524173029,-0.05089058524173029,-0.05089058524173029,-0.05089058524173029,6968.HK,港龙中国地产,2020-07-15,房地产
0.023919128521999303,0.3153320547955796,0.3,1.4285714285714286,0,0.0429447852760737,0,-0.06857142857142862,-0.06857142857142862,-0.06857142857142862,-0.06857142857142862,6933.HK,新娱科控股,2020-07-15,通讯服务
0.22934560155723274,0.5390370489490715,0.32774073776273216,1.4875213420965243,1,0.152380952380952,0,-0.1346153846153847,-0.25,-0.25,-0.25,9906.HK,宏力医疗管理,2020-07-13,医疗保健
0.5441717033506707,0.40445705960889883,0.37,1.5873015873015872,0,0.9,0,-0.015151515151515138,-0.015151515151515138,-0.3939393939393939,-0.5757575757575757,8659.HK,易和国际控股,2020-07-13,材料
0.2015805775310913,0.2836700682495113,0.4,1.6666666666666667,0,0.3,0,-0.01886792452830177,-0.01886792452830177,-0.01886792452830177,-0.01886792452830177,9979.HK,绿城管理控股,2020-07-10,工业
0.2509654246361659,0.22432712520656917,0.5,2.0,0,0.230769230769231,0,-0.012345679012345734,-0.012345679012345734,-0.012345679012345734,-0.012345679012345734,6958.HK,正荣服务,2020-07-10,房地产
0.2764206591988679,0.07868380968113967,0.45000000000000007,1.8181818181818183,0,0.407272727272727,0,-0.005970149253731294,-0.005970149253731294,-0.14179104477611948,-0.14179104477611948,6978.HK,永泰生物-B,2020-07-10,医疗保健
-0.24168237946490367,0.8688417389054469,0.0,1.0,1,-0.276666666666667,1,-0.1681818181818182,-0.1681818181818182,-0.1681818181818182,-0.1681818181818182,8623.HK,中国蜀塔,2020-07-10,工业
0.323726529389252,0.1512468764447391,0.52,2.0833333333333335,0,0.24418604651162798,0,-0.04761904761904767,-0.1428571428571429,-0.2952380952380953,-0.2952380952380953,1163.HK,虎视传媒,2020-07-10,通讯服务
1.2448235784599746,0.631011539271298,0.3447471151821755,1.5261283439874105,1,1.52387448840382,0,-0.16162790697674423,-0.27674418604651163,-0.36627906976744184,-0.36627906976744184,1477.HK,欧康维视生物-B,2020-07-10,医疗保健
0.8369321873569875,0.49974051763912974,0.46756487059021756,1.8781630752060345,1,1.5,0,-0.10535714285714282,-0.10535714285714282,-0.10535714285714282,-0.10535714285714282,6969.HK,思摩尔国际,2020-07-10,可选消费
0.005836055459585654,0.08248372855548246,0.48000000000000004,1.923076923076923,0,-0.0402173913043477,1,-0.05200433369447455,-0.07908992416034677,-0.07908992416034677,-0.11267605633802824,9989.HK,海普瑞,2020-07-08,医疗保健
-0.34057000422548667,0.8196331238362401,0.0,1.0,1,-0.56875,1,-0.2298850574712643,-0.28735632183908044,-0.28735632183908044,-0.33333333333333337,1957.HK,大人国际,2020-07-08,可选消费
0.243620056986884,0.5861476592006672,0.3159630851998332,1.4619094062959133,1,0.0602409638554217,0,-0.13729508196721307,-0.14959016393442615,-0.14959016393442615,-0.14959016393442615,1971.HK,弘阳服务,2020-07-07,房地产
0.2565242252773012,0.34515100504620383,0.35,1.5384615384615383,0,0.285326086956522,0,-0.04516129032258065,-0.08279569892473138,-0.08279569892473138,-0.08279569892473138,1502.HK,金融街物业,2020-07-06,房地产
-0.004614217280136207,0.7912133093306335,0.2258577937795777,1.2917523317612125,1,-0.46399999999999997,1,-0.48,-0.548,-0.5840000000000001,-0.64,1650.HK,HYGIEIA GROUP,2020-07-03,工业
0.3776487578002661,0.1293434789833573,0.47,1.8867924528301885,0,0.405405405405405,0,-0.006578947368421129,-0.006578947368421129,-0.006578947368421129,-0.006578947368421129,6078.HK,海吉亚医疗,2020-06-29,医疗保健
-0.22068624119652278,0.6959571521800766,0.1693618985466156,1.2038937273046826,1,-0.37890625,1,-0.3374999999999999,-0.44166666666666665,-0.44166666666666665,-0.47916666666666663,9958.HK,力天影业,2020-06-22,通讯服务
0.1388235062229145,0.09905321091740707,0.42000000000000004,1.7241379310344829,0,0.0353982300884956,0,-0.04351464435146446,-0.05439330543933052,-0.05439330543933052,-0.05439330543933052,9618.HK,京东集团-SW,2020-06-18,可选消费
0.12736675524050498,0.40535010861868875,0.35,1.5384615384615383,0,0.056910569105691096,0,-0.022556390977443663,-0.06015037593984962,-0.06015037593984962,-0.06015037593984962,9999.HK,网易-S,2020-06-11,信息技术
-0.00904063379784619,0.32342439782013704,0.38,1.6129032258064517,0,-0.130434782608696,1,-0.008264462809917328,-0.17355371900826444,-0.3305785123966941,-0.3305785123966941,1645.HK,海纳智能,2020-06-03,工业
-0.2463516606680449,0.8367374079325738,0.0,1.0,1,-0.436,1,-0.3434343434343434,-0.3737373737373738,-0.40909090909090906,-0.40909090909090906,2381.HK,蚬壳电业,2020-06-02,可选消费
0.11886546009533384,0.20405423314601653,0.45000000000000007,1.8181818181818183,0,0.0612980769230769,0,-0.002673796791443861,-0.002673796791443861,-0.002673796791443861,-0.002673796791443861,9923.HK,移卡,2020-06-01,信息技术
0.057902090993319486,0.042444720393189875,0.44000000000000006,1.7857142857142858,0,0.0669975186104219,0,-0.002481389578163684,-0.19404466501240691,-0.29032258064516125,-0.29032258064516125,9939.HK,开拓药业-B,2020-05-22,医疗保健
1.3064802827939004,0.3229034163018359,0.36,1.5625,0,1.28888888888889,0,-0.033333333333333326,-0.033333333333333326,-0.033333333333333326,-0.033333333333333326,8496.HK,环球友饮智能,2020-05-18,日常消费
0.1873948531152538,0.07036239086867771,0.5,2.0,0,0.221897810218978,0,-0.06413301662707838,-0.06413301662707838,-0.06413301662707838,-0.06413301662707838,9983.HK,建业新生活,2020-05-15,房地产
0.5447172042377503,0.2824746143906077,0.37,1.5873015873015872,0,0.6796875,0,-0.04664179104477617,-0.06902985074626866,-0.06902985074626866,-0.08208955223880599,9996.HK,沛嘉医疗-B,2020-05-15,医疗保健
-0.22295997301996118,0.6315811771454178,0.34460470571364554,1.5257967347612376,1,-0.348,1,-0.2559241706161137,-0.3033175355450237,-0.3127962085308057,-0.3222748815165877,1147.HK,伊登软件,2020-05-13,信息技术
1.161655029966608,0.8175498915722009,0.0,1.0,1,1.76,0,-0.154228855721393,-0.154228855721393,-0.154228855721393,-0.154228855721393,1936.HK,利特米,2020-05-13,日常消费
0.3808061654738099,0.7246066290573888,0.26026224729507413,1.3518304241515307,1,0.26,0,-0.17567567567567566,-0.17567567567567566,-0.17567567567567566,-0.20270270270270274,1376.HK,RAFFLESINTERIOR,2020-05-07,可选消费
0.30274021134419477,0.7806095493211939,0.22292696711920412,1.2868803287288975,1,0.1875,0,-0.3706896551724138,-0.3706896551724138,-0.3706896551724138,-0.3706896551724138,1953.HK,RIMBACO,2020-04-28,工业
0.40337808179863544,0.20969297878543486,0.47,1.8867924528301885,0,0.50185414091471,0,-0.006382978723404209,-0.006382978723404209,-0.006382978723404209,-0.021276595744680882,9926.HK,康方生物,2020-04-24,医疗保健
0.6395115405639941,0.6142165994950559,0.378945850126236,1.6101655551343803,1,1.125,0,-0.10666666666666658,-0.10666666666666658,-0.10666666666666658,-0.10666666666666658,8616.HK,新威工程集团,2020-04-23,工业
-0.10359698741585216,0.752887421864755,0.24140838542349669,1.318232341070982,1,-0.36,1,-0.5928571428571429,-0.5928571428571429,-0.5928571428571429,-0.6428571428571428,8620.HK,亚洲速运,2020-04-20,工业
-0.15547777357827322,0.5829943490864772,0.2867514127283807,1.4020357247748463,1,-0.355704697986577,1,-0.25,-0.3203125,-0.3359375,-0.3359375,3390.HK,满贯集团,2020-04-15,医疗保健
1.1992204188442883,0.22181098179641975,0.54,2.173913043478261,0,1.76,0,-0.010000000000000009,-0.24,-0.24,-0.24,6063.HK,智中国际,2020-04-15,工业
-0.23498830693519376,0.7083329352761248,0.20111137648258345,1.2517389415274345,1,-0.5,1,-0.38888888888888895,-0.462962962962963,-0.5,-0.5185185185185186,1942.HK,马可数字科技,2020-04-15,可选消费
0.558647007464438,0.8539149933663822,0.0,1.0,1,0.365079365079365,0,-0.22018348623853223,-0.33944954128440374,-0.33944954128440374,-0.33944954128440374,1463.HK,C-LINK SQ,2020-03-27,工业
0.045328225632435694,0.2612730347612829,0.39,1.639344262295082,0,0.0960893854748605,0,0.0,-0.009574468085106314,-0.009574468085106314,-0.009574468085106314,9969.HK,诺诚健华,2020-03-23,医疗保健
-0.19517018101173972,0.7748794393439908,0.17174704043733946,1.2073606118208458,1,-0.347826086956522,1,-0.2454545454545456,-0.2454545454545456,-0.2454545454545456,-0.2454545454545456,6918.HK,奇士达,2020-03-18,可选消费
0.3137166739988936,0.7311685413801977,0.2308876390798682,1.3002001408528197,1,0.037037037037036896,0,-0.11724137931034473,-0.4482758620689655,-0.4482758620689655,-0.4482758620689655,1961.HK,多牛科技,2020-03-17,通讯服务
0.7307659290758499,0.6633551654677212,0.27609655635485253,1.3813997001652518,1,1.48,0,-0.15555555555555556,-0.15555555555555556,-0.15555555555555556,-0.15555555555555556,1472.HK,生兴控股,2020-03-17,工业
0.15071518546562193,0.31588095777388814,0.4,1.6666666666666667,0,0.102564102564103,0,0.0,-0.08843537414965974,-0.27210884353741494,-0.27210884353741494,1941.HK,烨星集团,2020-03-13,房地产
-0.1897660713660065,0.25547595740273155,0.37,1.5873015873015872,0,-0.4,1,-0.08074534161490687,-0.30434782608695654,-0.30434782608695654,-0.30434782608695654,1433.HK,常达控股,2020-03-12,材料
0.3903385948288268,0.6287281502421491,0.32531796243946265,1.4821796703165864,1,0.645833333333333,0,-0.24285714285714277,-0.24285714285714277,-0.24285714285714277,-0.24285714285714277,1343.HK,伟源控股,2020-03-12,工业
-0.12745105825063832,0.5261711139910683,0.2709572215022329,1.3716616219154592,0,-0.0896860986547086,1,-0.050000000000000044,-0.08999999999999997,-0.08999999999999997,-0.08999999999999997,9936.HK,稀美资源,2020-03-12,材料
0.10506949441334713,0.24279840062170788,0.42000000000000004,1.7241379310344829,0,-0.0192307692307692,1,-0.050000000000000044,-0.07999999999999996,-0.07999999999999996,-0.07999999999999996,1950.HK,帝王实业控股,2020-03-12,材料
0.13326056095306538,0.25755387005229496,0.4,1.6666666666666667,0,0.0201005025125627,0,-0.016574585635359185,-0.03867403314917128,-0.24861878453038666,-0.24861878453038666,9916.HK,兴业物联,2020-03-09,房地产
-0.14492642726444196,0.6812483922942656,0.2891677384704896,1.4068016522608051,1,-0.2,1,-0.2857142857142857,-0.3750000000000001,-0.3928571428571429,-0.4196428571428572,2263.HK,富石金融,2020-02-19,金融
0.18766684920138144,0.5352268663040305,0.3786932834239924,1.6095110085256337,1,0.02,0,-0.2272727272727273,-0.40909090909090906,-0.4303030303030303,-0.5454545454545454,9929.HK,澳达控股,2020-02-14,工业
-0.018474541953431498,0.14081596782049202,0.43000000000000005,1.7543859649122808,0,0.0,0,-0.048275862068965614,-0.08965517241379306,-0.26206896551724135,-0.29655172413793096,1601.HK,中关村科技租赁,2020-01-21,金融
0.2722896927132339,0.28430272633325054,0.35,1.5384615384615383,0,0.0967741935483872,0,-0.02985074626865669,-0.0746268656716419,-0.19402985074626866,-0.19402985074626866,1442.HK,鹰辉物流,2020-01-21,工业
-0.21311665158930895,0.6952458012500412,0.18483613249997255,1.226747209817867,1,-0.313725490196078,1,-0.20454545454545459,-0.31818181818181823,-0.40909090909090906,-0.4204545454545454,9933.HK,GHW INTL,2020-01-21,材料
-0.10105296544889893,0.35940560227780743,0.43,1.7543859649122806,0,-0.10377358490566,1,-0.034682080924855474,-0.07514450867052014,-0.1502890173410405,-0.34104046242774566,1745.HK,驴迹科技,2020-01-17,信息技术
0.5823624305534327,0.1486238109029184,0.52,2.0833333333333335,0,0.6,0,-0.02127659574468077,-0.02127659574468077,-0.02127659574468077,-0.02127659574468077,9938.HK,华和控股,2020-01-17,工业
-0.18079765489876087,0.6554345371356638,0.2763769752428908,1.381935021119124,1,-0.367924528301887,1,-0.11842105263157887,-0.23684210526315796,-0.30263157894736836,-0.4342105263157895,1937.HK,佳辰控股,2020-01-17,工业
-0.1826169205612498,0.2709413326616993,0.29,1.4084507042253522,0,-0.25,1,-0.06249999999999989,-0.06249999999999989,-0.06249999999999989,-0.06249999999999989,1925.HK,旷世芳香,2020-01-16,日常消费
0.0747806381101523,0.2796881129938685,0.31,1.4492753623188408,0,0.125619834710744,0,-0.014925373134328401,-0.014925373134328401,-0.014925373134328401,-0.014925373134328401,1525.HK,建桥教育,2020-01-16,可选消费
-0.11887607073401671,0.7968895180691716,0.14207365462055227,1.1656012260093438,1,-0.0677966101694914,1,-0.13043478260869557,-0.23478260869565215,-0.23478260869565215,-0.27826086956521734,1412.HK,隽思集团,2020-01-16,材料
0.2645058765794647,0.5171229122678414,0.3832192719330397,1.621321734766388,1,-0.222772277227723,1,-0.12777777777777777,-0.23888888888888882,-0.2944444444444444,-0.36111111111111116,9919.HK,艾德韦宣集团,2020-01-16,通讯服务
-0.142097561566161,0.7392591546282845,0.195493896914477,1.2429986499352823,1,-0.20769230769230798,1,-0.2384615384615385,-0.2384615384615385,-0.2384615384615385,-0.2384615384615385,0301.HK,三和精化,2020-01-16,材料
0.3372065941380978,0.6773331239970437,0.3217779173353042,1.4744432916000862,1,0.4,0,-0.3163265306122448,-0.4285714285714285,-0.47959183673469385,-0.6224489795918368,1740.HK,新石文化,2020-01-16,通讯服务
-0.015036902533020946,0.6669985388048697,0.2536676407967535,1.3398856255778038,1,0.0103626943005181,0,-0.10824742268041232,-0.10824742268041232,-0.10824742268041232,-0.10824742268041232,9968.HK,汇景控股,2020-01-16,房地产
-0.014055759951064794,0.5944763887038768,0.34388090282403083,1.5241135402157073,1,0.0,0,-0.1159420289855072,-0.1159420289855072,-0.1159420289855072,-0.13043478260869557,3718.HK,北控城市资源,2020-01-15,工业
0.49341016366512774,0.3673632418237648,0.48,1.923076923076923,0,0.563636363636364,0,-0.04210526315789476,-0.04210526315789476,-0.07368421052631569,-0.13473684210526304,9922.HK,九毛九,2020-01-15,可选消费
-0.1892438124449224,0.2961430929505472,0.37,1.5873015873015872,0,-0.291666666666667,1,0.0,-0.020000000000000018,-0.020000000000000018,-0.020000000000000018,1416.HK,CTR HOLDINGS,2020-01-15,工业
-0.006328082231628982,0.46404471834519,0.32648882041370253,1.4847563489803501,0,0.0283018867924529,0,-0.09183673469387754,-0.09183673469387754,-0.09183673469387754,-0.09183673469387754,1802.HK,文业集团,2020-01-14,工业
-0.01166208210563432,0.7825877143681701,0.16160819042121996,1.1927597438033348,1,-0.287769784172662,1,-0.1610169491525424,-0.22881355932203384,-0.22881355932203384,-0.22881355932203384,8500.HK,天泓文创,2020-01-14,通讯服务
-0.19511533780118168,0.6646423550617024,0.24523842995886502,1.3249217232211483,1,-0.27,1,-0.17177914110429437,-0.17177914110429437,-0.22085889570552142,-0.22085889570552142,2528.HK,尚晋国际控股,2020-01-13,可选消费
0.02316231160085431,0.6876291724864614,0.22991388500902576,1.2985560712410982,1,0.025974025974026,0,-0.18947368421052624,-0.231578947368421,-0.34736842105263155,-0.35789473684210527,8646.HK,中国宏光,2020-01-13,工业
0.014898406913665634,0.4084480240637145,0.44,1.7857142857142856,0,-0.004,1,-0.033333333333333215,-0.21666666666666667,-0.29999999999999993,-0.29999999999999993,9918.HK,丽年国际,2020-01-10,信息技术
-0.06514649263862793,0.35499925392887377,0.38,1.6129032258064517,0,-0.076923076923077,1,-0.08333333333333326,-0.08333333333333326,-0.08333333333333326,-0.08333333333333326,9998.HK,光荣控股,2020-01-08,工业
-0.08838167369441159,0.10606169475604002,0.39,1.639344262295082,0,,0,,,,,nan,nan,NaT,nan
-0.08838167369441159,0.10606169475604002,0.39,1.639344262295082,0,,0,,,,,数据来源：Wind,nan,NaT,nan
