证券代码,证券简称,上市日期↓,网上发行有效认购倍数,网下发行有效申购倍数,市净率PB,市盈率PE,振幅,收盘价,开盘价,最高价,最低价,成交量,相对发行价涨跌,相对发行价涨跌幅,所属Wind行业名称,发行价,marginstress10,AH_dummy,MM恐惧与贪婪指数,pred_return,pred_vol,pred_ms_proba
3317.HK,迅策,2025-12-30,7.24,,9.28307762461674,-172.411031293521,22.5416666666667,48.5,48.02,48.84,38.02,4380600.0,0.5,1.04166666666667,信息技术,48.0,1,0,41.2,7.8026390343386325,3855018.05931444,0.4828236130928529
2657.HK,林清轩,2025-12-30,1235.81,19.79,17.9609830362325,58.841054476024,8.55085508550856,85.0,85.0,91.65,85.0,5242564.0,7.23,9.2966439501093,医疗保健,77.77,0,0,41.2,19.797772287150927,32335358.485634394,0.10150365139392842
2671.HK,美联股份,2025-12-30,146.25,1.48,1.96480547974854,11.4267973506441,64.7887323943662,7.64,8.21,12.0,7.4,13859700.0,0.54,7.6056338028169,工业,7.1,0,0,41.2,1.9604810845968765,53683715.030508794,0.3473068132106576
6600.HK,卧安机器人,2025-12-30,254.5,8.9,76.9466628814673,-4943.83560585693,1.62601626016261,73.85,73.8,75.0,73.8,4724850.0,0.0499999999999972,0.0677506775067712,信息技术,73.8,0,0,41.2,13.211651711818165,7160345.808320981,0.1745605050050091
3696.HK,英矽智能,2025-12-30,1427.37,26.27,-3.24259570858546,-125.926173995741,23.7837837837838,29.98,35.0,35.7,29.98,37735345.0,5.93,24.6569646569647,医疗保健,24.05,1,0,41.2,46.03569658599281,45473247.97783722,0.6334982650487874
6651.HK,五一视界,2025-12-30,256.01,2.6,61.1298741268427,-188.419720961795,15.7377049180328,39.62,35.0,39.8,35.0,5321300.0,9.12,29.9016393442623,信息技术,30.5,0,0,41.2,19.578182622623334,5763581.850209565,0.2036758555628286
3378.HK,翰思艾泰-B,2025-12-23,3074.09,5.78,13.051559909113,-18.7315744429858,38.375,17.2,28.9,29.48,17.2,9903100.0,-14.8,-46.25,医疗保健,32.0,1,0,40.23,-10.296191525942067,6063982.2253257735,0.6902750142236544
2661.HK,轻松健康,2025-12-23,1421.47,2.9,-9.20621982747351,1078.88077956227,47.6190476190476,58.7,50.0,59.8,49.0,6239600.0,36.02,158.818342151675,金融,22.68,0,0,40.23,94.02342422598498,9403447.291361071,0.21944616335705835
2635.HK,诺比侃,2025-12-23,188.74,2.08,20.3361792155393,112.765072671313,76.25,371.0,319.8,371.0,310.0,868750.0,291.0,363.75,信息技术,80.0,0,0,40.23,95.94944296688818,11364023.774519868,0.14227308682078713
2691.HK,南华期货股份,2025-12-22,1.91,0.99,1.46971288654719,13.2065755880596,14.1666666666667,9.1,9.13,10.4,8.7,7945500.0,-2.9,-24.1666666666667,金融,12.0,0,1,40.23,-9.27557990469904,10467066.183832183,0.2212313381794163
2396.HK,华芢生物-B,2025-12-22,791.95,6.05,19.5423020238998,-13.8600727216384,26.7015706806283,27.0,33.8,37.2,27.0,4989600.0,-11.2,-29.3193717277487,医疗保健,38.2,1,0,40.23,-13.781973585064131,6174012.352523057,0.5198786277244278
2695.HK,印象大红袍,2025-12-22,3397.48,1.91,1.27504619539368,7.25802620789099,29.7222222222222,2.33,3.26,3.4,2.33,42683000.0,-1.27,-35.2777777777778,通讯服务,3.6,1,0,40.23,-23.55077546217815,27383042.931543693,0.8735373859993206
2581.HK,明基医院,2025-12-22,6.28,1.28,0.843800665015294,12.5179775434431,19.0578158458244,4.72,6.5,6.5,4.72,7845000.0,-4.62,-49.4646680942184,医疗保健,9.34,1,0,40.23,-22.509099975107116,7538102.904917755,0.7043493228336967
3881.HK,希迪智驾,2025-12-19,22.55,2.1,-8.23536613841752,-15.8513096018054,17.1102661596958,227.0,263.0,263.0,218.0,811640.0,-36.0,-13.6882129277567,信息技术,263.0,1,0,40.23,-9.667188887684967,2156102.990566925,0.5840469726135529
2546.HK,智汇矿业,2025-12-19,5248.15,2.68,3.75674808472199,69.5537822028699,64.7450110864745,8.6,10.8,10.92,8.0,30390200.0,4.09,90.6873614190687,材料,4.51,1,0,40.23,58.0105454675098,13919050.667047378,0.7059507148740479
3887.HK,HASHKEY HLDGS,2025-12-17,393.71,5.46,-17.2080323391015,-15.5120542621698,14.9700598802395,6.67,6.7,7.12,6.12,98920830.0,-0.00999999999999979,-0.149700598802392,信息技术,6.68,0,0,46.26,-0.7874116081516652,73516682.80338857,0.3176476720722457
2655.HK,果下科技,2025-12-16,1890.73,3.63,108.318906989144,422.683887280486,57.0149253731343,43.8,38.0,49.3,37.84,8732200.0,23.7,117.910447761194,信息技术,20.1,0,0,46.26,117.96628373720087,18594713.8756968,0.29283857279293857
7618.HK,京东工业,2025-12-11,60.52,7.88,72.0589195029988,46.0762561155934,10.5673758865248,14.1,13.0,14.15,12.66,39585468.0,0.0,0.0,可选消费,14.1,0,0,51.25,6.208138683108352,62125707.01653817,0.1300830658814262
2665.HK,图达通,2025-12-10,,,-2.28939354219852,-5.58857639867007,73.1,13.3,11.0,17.31,10.0,8929500.0,3.3,33.0,可选消费,10.0,0,0,51.25,9.084318775340865,6257212.02144975,0.2275568062366547
2659.HK,宝济药业-B,2025-12-10,3526.34,6.59,19.0966828987362,-52.1849782496695,27.10386656558,63.0,60.5,63.15,56.0,7930300.0,36.62,138.817285822593,医疗保健,26.38,0,0,51.25,122.56250252394155,5741541.774269949,0.20946135447520864
2676.HK,纳芯微,2025-12-08,25.33,2.65,2.79529585743883,-41.2298749663087,9.3103448275862,111.0,116.0,116.0,105.2,2014583.0,-5.0,-4.31034482758621,信息技术,116.0,0,1,51.25,6.77996157253111,3749426.1507028234,0.12923593039986367
2687.HK,卓越睿新,2025-12-08,4813.4,2.33,15.642251376043,74.2682024699032,89.6296296296296,126.4,83.6,142.5,82.0,1510300.0,58.9,87.2592592592593,信息技术,67.5,0,0,51.25,92.63953343875436,4815361.398460105,0.42551110618174
2408.HK,遇见小面,2025-12-05,425.97,4.99,28.3865587883013,55.0788094630932,7.38636363636363,5.08,5.0,5.5,4.98,36041420.0,-1.96,-27.8409090909091,可选消费,7.04,0,0,51.25,-5.521647251899647,57993433.63963663,0.15883341217136895
2658.HK,天域半导体,2025-12-05,60.63,2.47,12.1400218965897,-29.9507286209315,16.9655172413793,40.5,38.0,47.84,38.0,3726088.0,-17.5,-30.1724137931034,信息技术,58.0,0,0,51.25,-8.887424627041318,4728064.487465152,0.16548712252807773
2693.HK,金岩高岭新材,2025-12-03,6876.17,2.01,1.45873369500068,12.7645992536264,34.9315068493151,7.46,9.3,9.8,7.25,11290500.0,0.16,2.19178082191781,材料,7.3,1,0,40.74,4.435113619653818,15905242.760816853,0.8643777307379317
2539.HK,乐摩科技,2025-12-03,7324.29,6.78,11.6815704178683,32.6761869825073,73.375,54.5,64.8,78.65,49.3,2556200.0,14.5,36.25,可选消费,40.0,1,0,40.74,34.062054332036304,7905499.029926401,0.8437793048197447
9609.HK,海伟股份,2025-11-28,5426.27,6.11,2.3816789311554,18.0382952566895,17.5070028011204,11.0,13.5,13.5,11.0,16128800.0,-3.28,-22.96918767507,信息技术,14.28,1,0,40.74,2.091611777136221,21795685.54562621,0.8608837653894926
2685.HK,量化派,2025-11-27,9366.28,15.07,-9.67585112337114,59.7747260864689,96.9387755102041,18.5,26.0,27.8,18.3,4893100.0,8.7,88.7755102040816,信息技术,9.8,1,0,28.96,76.34906386137285,8049251.914267114,0.7498531302190133
2788.HK,创新实业,2025-11-24,447.2,19.85,21.5362773797673,13.1414708590054,14.7406733393995,14.59,15.2,15.8,14.18,170339680.0,3.6,32.7570518653321,材料,10.99,0,0,28.96,21.45216102118444,139777400.23737296,0.2137943846832265
2579.HK,中伟新材,2025-11-17,27.9,4.08,1.62740354382063,22.339554955489,5.88235294117647,33.96,34.0,34.0,32.0,17061800.0,-0.0399999999999991,-0.117647058823527,材料,34.0,0,1,62.42,6.974051311591644,33736180.277063094,0.1059730572788167
2698.HK,乐舒适,2025-11-10,1813.77,34.33,18.4130902902291,27.0813423088706,14.5038167938931,33.0,34.98,36.8,33.0,42610340.0,6.8,25.9541984732824,可选消费,26.2,0,0,52.23,51.145707449169514,63552166.7915817,0.2466192937418324
0699.HK,均胜电子,2025-11-06,147.67,9.78,2.1438260648172,30.2624439915134,7.49999999999999,20.24,21.5,21.5,19.85,34771600.0,-1.76,-8.00000000000001,可选消费,22.0,0,1,41.42,-1.3367880528638478,36653019.08417322,0.03804890227787466
0800.HK,文远知行-W,2025-11-06,73.44,9.85,3.28286436593081,-9.21674676180705,7.30627306273063,24.4,24.98,24.98,23.0,16900938.0,-2.7,-9.96309963099632,信息技术,27.1,0,0,41.42,-11.595573592135574,26315115.804440245,0.20629974427941555
2026.HK,小马智行-W,2025-11-06,15.88,7.72,7.40469371196226,-25.6921837170774,5.25179856115108,126.1,124.0,126.1,118.8,8679020.0,-12.9,-9.28057553956835,信息技术,139.0,0,0,41.42,-5.950780268437361,7679532.7177000465,0.12161728131506261
2630.HK,旺山旺水-B,2025-11-06,6238.42,16.87,85.1276646848428,-60.2003078011012,45.6997302966737,82.0,95.0,97.0,81.75,5534414.0,48.63,145.729697332934,医疗保健,33.37,1,0,41.42,124.29552968677476,6252482.44085537,0.6019013375981771
9927.HK,赛力斯,2025-11-05,132.68,8.61,17.2965351539117,35.676237297635,10.2661596958175,131.5,128.9,131.5,118.0,18589510.0,0.0,0.0,可选消费,131.5,0,1,41.42,8.251553737910191,28090105.35083083,0.047741607358432046
2718.HK,明略科技-W,2025-11-03,4452.86,13.93,-6.03883021809925,8205.54592067157,26.8085106382979,290.6,280.0,309.8,272.0,2156929.0,149.6,106.099290780142,信息技术,141.0,0,0,41.42,96.98132227350949,4459325.167983987,0.38993888435401175
6166.HK,剑桥科技,2025-10-28,338.7,16.5,12.3795433649125,171.616369121392,27.2938443670151,92.2,94.0,109.0,90.2,28849222.0,23.32,33.855981416957,信息技术,68.88,0,1,50.2,41.80557004814496,42670062.38043134,0.07458290753308992
6031.HK,三一重工,2025-10-28,52.93,13.96,2.56655512109057,30.9051093996552,4.69483568075117,21.9,21.3,22.3,21.3,138330321.0,0.599999999999998,2.81690140845069,工业,21.3,0,1,50.2,7.386566093510488,89651576.74120156,0.03158386326632292
6980.HK,八马茶业,2025-10-28,2680.04,13.58,6.5301511785188,32.752807697108,35.8,93.35,80.1,97.9,80.0,4215100.0,43.35,86.7,可选消费,50.0,0,0,50.2,63.517913702674235,12145881.893619243,0.28479940969139045
1384.HK,滴普科技,2025-10-28,7569.83,16.61,-5.49666914359367,-16.0999554245882,61.1402850712678,66.8,56.5,68.4,52.1,11698160.0,40.14,150.562640660165,信息技术,26.66,0,0,50.2,109.22042615210836,13530775.118068935,0.5642261312232635
0638.HK,广和通,2025-10-22,550.99,9.16,4.39137773183211,23.695882498253,12.6046511627907,18.98,21.5,21.6,18.89,31770800.0,-2.52,-11.7209302325581,信息技术,21.5,1,1,16.09,-0.2804159009636697,42801338.229826495,0.46112733950956597
6687.HK,聚水潭,2025-10-21,1952.95,22.89,-4.10641535548894,1230.46749152054,17.9084967320261,37.9,38.0,40.58,35.1,37490701.0,7.3,23.8562091503268,信息技术,30.6,0,0,16.09,50.43479073108676,27577846.932755295,0.19008879317824445
2637.HK,海西新药,2025-10-20,3165.1,6.3,14.029836990184,55.8111800379585,20.6018518518518,104.2,102.0,117.8,100.0,2398750.0,17.8,20.6018518518518,医疗保健,86.4,0,0,16.09,23.84633153578638,4875016.466363161,0.2150980715341838
2670.HK,云迹,2025-10-16,5657.2,18.62,-5.04905580069508,-41.4575462321829,23.744769874477,120.5,142.8,142.8,120.1,3230450.0,24.9,26.0460251046025,工业,95.6,1,0,43.07,76.48423002097684,11005215.310572043,0.7803278109384965
2575.HK,轩竹生物-B,2025-10-15,4908.33,10.15,13.1852797901746,-22.6704918303777,40.5172413793103,26.3,29.46,31.0,26.3,14744267.0,14.7,126.724137931034,医疗保健,11.6,1,0,43.07,96.75800941024194,6898722.000965694,0.6770557456276107
2650.HK,挚达科技,2025-10-10,5440.8,2.37,236.027358179279,-45.3195612417487,38.5534967124925,195.5,190.0,197.0,171.2,1558550.0,128.58,192.139868499701,公用事业,66.92,0,0,43.07,164.7137842522946,4835909.0636198465,0.40265377918720907
8549.HK,金叶国际集团,2025-10-10,11464.72,1.2,15.1261982235511,61.1055847662356,264.0,2.15,3.0,3.32,2.0,43840254.0,1.65,330.0,工业,0.5,1,0,43.07,145.93980511343793,17164772.538190685,0.763385411271366
2652.HK,长风药业,2025-10-08,6697.8,12.74,15.6375571145332,696.513463659568,76.8813559322034,38.5,47.0,48.8,37.46,13550698.0,23.75,161.016949152542,医疗保健,14.75,1,0,65.79,116.66866602944405,11784373.245580697,0.6761412544455715
2889.HK,博泰车联,2025-09-30,529.79,3.72,14.1165810386624,-40.2909066014613,26.313215298836,157.0,135.0,157.0,130.1,1642440.0,54.77,53.5752714467377,信息技术,102.23,0,0,42.17,35.50413854635376,3645782.0877096085,0.188487434225574
2259.HK,紫金黄金国际,2025-09-30,240.74,20.38,17.5312920337453,84.6890355760163,16.7621176141919,120.6,111.5,123.0,111.0,97866268.0,49.01,68.4592820226288,材料,71.59,0,0,42.17,38.851986064732266,113382319.34325613,0.07984928582060995
2583.HK,西普尼,2025-09-30,2505.9,3.9,8.75662496019217,117.011350368809,168.918918918919,106.0,84.0,130.0,80.0,2822800.0,76.4,258.108108108108,可选消费,29.6,0,0,42.17,130.65661436536593,5859480.771864611,0.2552248904500564
9973.HK,奇瑞汽车,2025-09-25,308.18,11.61,6.43591989404417,12.0604631166213,10.6016260162602,31.92,34.2,34.98,31.72,78268545.0,1.17,3.80487804878049,可选消费,30.75,0,0,68.09,-0.43988955188978246,93943521.6874241,0.30365863198455684
6090.HK,不同集团,2025-09-23,3317.47,7.37,-201.342568859589,147.208269935057,24.8595505617978,102.5,100.4,105.8,88.1,3760300.0,31.3,43.9606741573034,日常消费,71.2,1,0,68.09,69.5810935601851,6774929.987280258,0.677571888746901
2595.HK,劲方医药-B,2025-09-19,2662.79,39.05,-7.11425940796188,-20.5379370842067,40.2157920549289,42.1,44.0,50.2,42.0,34913498.0,21.71,106.473761647867,医疗保健,20.39,0,0,68.09,106.57975465946474,43046764.937408395,0.3804374466203065
2656.HK,健康160,2025-09-17,751.77,1.92,-103.276800517591,-81.6483922113637,55.340622371741,28.22,29.98,32.6,26.02,7081940.0,16.33,137.342304457527,医疗保健,11.89,1,0,79.35,74.21494552888743,19014603.50602056,0.6184627887662257
2525.HK,禾赛-W,2025-09-16,168.65,14.09,8.44399758305412,-324.290136958066,6.95488721804512,234.0,229.2,244.0,229.2,5655182.0,21.2,9.96240601503759,信息技术,212.8,0,0,79.35,15.276425525318228,11114360.163447633,0.30465817493454944
2543.HK,大行科工,2025-09-09,7558.4,21.65,13.2690142467955,31.9056122983521,25.4545454545455,56.9,67.5,69.0,56.4,8237500.0,7.4,14.9494949494949,可选消费,49.5,1,0,57.8,48.0181346403991,14134744.812420506,0.8143631975592737
2580.HK,奥克斯电气,2025-09-02,557.2,8.3,6.31911790672691,8.32881589072939,6.37198622273249,16.48,16.1,16.79,15.68,52410200.0,-0.940000000000001,-5.39609644087257,可选消费,17.42,0,0,55.84,-8.093658191081737,73031086.36358313,0.2543451254604579
3858.HK,佳鑫国际资源,2025-08-28,2041.62,21.11,-1818.78009990446,-77.0434282939238,83.3333333333333,30.34,22.8,31.9,22.8,54161805.0,19.42,177.838827838828,材料,10.92,0,0,65.63,136.1798470570716,72435283.791548,0.47926103992651536
6960.HK,双登股份,2025-08-26,3876.25,18.75,3.07994698519138,20.8112317040169,29.7725706409373,19.05,22.5,23.18,18.86,43416220.0,4.54,31.2887663680221,工业,14.51,1,0,70.42,34.09529414205041,33969977.95274255,0.7907639440155222
2631.HK,天岳先进,2025-08-20,2809.19,9.04,3.78981892427918,112.471664448846,7.4766355140187,45.54,45.6,48.2,45.0,25939101.0,2.74,6.40186915887851,信息技术,42.8,0,1,70.42,36.61860827996962,19145240.943370737,0.26368100469660194
2591.HK,银诺医药-B,2025-08-15,5341.66,10.67,30.4074331325569,-138.637807971382,131.156316916488,57.25,72.0,74.0,49.5,16217295.0,38.57,206.477516059957,医疗保健,18.68,1,0,70.42,146.12218527946447,9534885.541613493,0.6298291221614563
2627.HK,中慧生物-B,2025-08-11,4007.64,0.99,82.7178025262617,-46.8674319288993,13.953488372093,33.28,33.0,34.8,33.0,8992780.0,20.38,157.984496124031,医疗保健,12.9,0,0,68.19,129.76487969313942,5744576.513395343,0.3026643390281834
6887.HK,东阳光药,2025-08-07,,,92.945187373075,-154.20323230163,,59.9,57.5,62.3,57.5,2447141.0,,,医疗保健,,0,0,58.87,14.135879872588863,1667696.6103972727,0.14085772094379997
9887.HK,维立志博-B,2025-07-25,3494.78,40.78,45.2440901395165,-39.888387660184,35.7142857142857,67.1,72.4,79.6,67.1,33118341.0,32.1,91.7142857142857,医疗保健,35.0,0,0,89.73,92.20653380212285,24154201.65887798,0.2601692961359674
1304.HK,峰岹科技,2025-07-09,138.26,8.61,5.63432157616616,64.6875669091381,13.1120331950208,139.8,130.8,143.8,128.0,9036736.0,19.3,16.0165975103735,信息技术,120.5,0,1,66.35,13.068961583770024,25846932.781894997,0.03677307641511291
6613.HK,蓝思科技,2025-07-09,462.76,16.68,1.98051064613293,26.5915088479426,7.92079207920793,19.84,18.88,19.98,18.54,140581771.0,1.66,9.13091309130913,信息技术,18.18,0,1,66.35,10.923881021049606,104352390.72474584,0.09747743190376167
2651.HK,大众口腔,2025-07-09,108.25,0.96,8.18593836178167,22.582026880217,34.25,20.7,24.0,27.5,20.65,3962300.0,0.699999999999999,3.5,医疗保健,20.0,1,0,66.35,25.164225284380965,11329192.871106924,0.7146088918836598
2590.HK,极智嘉-W,2025-07-09,133.62,30.17,-3.46404405000637,-26.0325784282109,10.3571428571429,17.7,16.9,17.8,16.06,78383518.0,0.899999999999999,5.35714285714285,信息技术,16.8,0,0,66.35,13.398348840808247,65856441.53735768,0.18230784546021042
2597.HK,讯众通信,2025-07-09,12.79,1.01,1.82073922648548,28.5953139714101,17.1217712177122,13.58,14.52,14.52,12.2,2227000.0,0.0299999999999994,0.221402214022136,信息技术,13.55,1,0,66.35,13.106305328317058,24801121.15742426,0.6897858939544669
1828.HK,富卫集团,2025-07-07,37.13,2.32,1.0458192670423,261.977726394097,4.60526315789474,38.4,38.0,38.8,37.05,20850975.0,0.399999999999999,1.05263157894736,金融,38.0,0,0,66.35,14.132491736342729,19121295.345609047,0.15296758296255766
2648.HK,安井食品,2025-07-04,44.2,5.85,1.35822249906477,11.848093357149,5.16666666666667,57.0,60.0,60.1,57.0,12353900.0,-3.0,-5.0,日常消费,60.0,0,1,66.35,-3.766509105101588,29481540.485666037,0.121939022894904
2592.HK,拨康视云-B,2025-07-03,78.78,0.89,-1.90595895926761,-6.75912688686261,40.990099009901,6.2,9.5,9.74,5.6,43953150.0,-3.9,-38.6138613861386,医疗保健,10.1,1,0,74.1,-21.258412498118446,31151124.448502466,0.75623945992494
3880.HK,泰德医药,2025-06-30,301.15,2.43,12.6883894512941,68.3491480506312,15.5228758169935,30.8,30.3,32.85,28.1,8593800.0,0.199999999999999,0.653594771241828,医疗保健,30.6,0,0,74.1,6.350378252646023,34246337.84864057,0.11896773508422182
6603.HK,IFBH,2025-06-30,2682.35,22.93,28.2268444941671,40.7296522802285,30.5755395683453,39.5,43.9,46.5,38.0,38912781.0,11.7,42.0863309352518,日常消费,27.8,1,0,74.1,47.93860173749753,25457149.16905849,0.6937138020881156
9678.HK,云知声,2025-06-30,91.66,1.7,-7.1238808702862,-43.0520112931576,59.4146341463415,296.4,205.0,319.8,198.0,803070.0,91.4,44.5853658536585,信息技术,205.0,0,0,74.1,28.686613030853238,5000724.4857619945,0.254190269878588
6883.HK,颖通控股,2025-06-26,35.84,3.5,4.27387321495246,13.008045900744,18.75,2.4,2.58,2.79,2.25,173642999.0,-0.48,-16.6666666666667,日常消费,2.88,1,0,55.88,-12.415066582861828,159394588.46165356,0.7398686177378905
2508.HK,圣贝拉,2025-06-26,193.0,15.59,-3.40234859262739,-9.09077201641489,38.7537993920973,8.8,8.45,11.0,8.45,94418160.0,2.22,33.7386018237082,日常消费,6.58,0,0,55.88,18.731702940378995,96005425.56124213,0.23797051091561858
6168.HK,周六福,2025-06-26,711.11,13.55,4.66189489546253,17.0130597440134,13.75,30.0,26.7,30.0,26.7,35215592.0,6.0,25.0,可选消费,24.0,0,0,55.88,19.6525343984527,78464557.80124849,0.37525010490381516
2619.HK,香江电器,2025-06-25,852.38,1.08,0.68752940539055,4.53478581517669,8.04195804195806,2.52,2.65,2.74,2.51,30003000.0,-0.34,-11.8881118881119,可选消费,2.86,0,0,55.88,-9.666169075465753,40765871.674794145,0.5983857194736241
2643.HK,曹操出行,2025-06-25,21.14,2.78,-2.60278733521376,-14.5042940996971,9.41821649976155,36.0,33.8,36.8,32.85,13537900.0,-5.94,-14.1630901287554,信息技术,41.94,0,0,55.88,-9.515673870185163,10634629.950744363,0.29344906561511647
2050.HK,三花智控,2025-06-23,747.92,23.57,4.477287527852,27.8790141655435,8.21127385707945,22.5,20.95,22.55,20.7,125316817.0,-0.0300000000000011,-0.133155792276969,工业,22.53,0,1,55.88,7.739485649955181,102304952.46592748,0.11143094136336198
2609.HK,佰泽医疗,2025-06-23,25.92,0.98,6.85133188117309,-544.37973550015,23.9336492890995,6.0,5.25,6.02,5.01,21787308.0,1.78,42.1800947867299,医疗保健,4.22,0,0,55.88,27.02864544319561,8808340.912384542,0.24495283514570917
2617.HK,药捷安康-B,2025-06-23,3419.87,0.97,16.4508944685153,-31.4528330195114,28.8973384030418,23.5,21.65,24.0,20.2,8541000.0,10.35,78.7072243346008,医疗保健,13.15,0,0,55.88,85.87526078785393,5967335.967605691,0.28958601666212025
3288.HK,海天味业,2025-06-19,918.15,22.93,6.38872448906671,31.1126002349311,5.37190082644629,36.5,37.5,38.0,36.05,77248982.0,0.200000000000003,0.550964187327832,日常消费,36.3,0,1,71.78,13.171602845313286,83425718.92634448,0.10264333322010372
2573.HK,新琪安,2025-06-10,149.37,0.93,4.26859643610588,47.1171187363639,43.1216931216931,22.95,30.25,30.25,22.1,5221299.0,4.05,21.4285714285714,材料,18.9,1,0,73.44,41.50321341028612,12981635.44928497,0.8047504017657232
2605.HK,METALIGHT,2025-06-10,274.44,2.49,-3.11283359201666,-37.1677428035681,15.4871794871795,6.8,7.6,8.31,6.8,24046400.0,-2.95,-30.2564102564103,工业,9.75,1,0,73.44,-1.0082720447066131,22905005.360238522,0.6109648987263759
9881.HK,容大科技,2025-06-10,275.96,0.96,7.7826666496567,30.128352043534,44.4,14.2,16.6,17.56,13.12,8501920.0,4.2,42.0,材料,10.0,1,0,73.44,45.353650706379256,14086410.802715214,0.8402256399560721
2621.HK,手回集团,2025-05-30,990.0,1.13,-1.87064003641924,-10.1802254848647,11.0148514851485,6.61,7.5,7.5,6.61,21324400.0,-1.47,-18.1930693069307,金融,8.08,1,0,63.05,1.507136020321809,25634899.606541827,0.810502624068469
2603.HK,吉宏股份,2025-05-27,49.39,1.62,2.03315072203558,24.608487204158,29.4270833333334,10.68,11.0,12.46,10.2,56699500.0,3.0,39.0625,可选消费,7.68,0,1,69.34,32.32582228777555,68745813.15619935,0.10095696796310108
2565.HK,派格生物医药-B,2025-05-27,743.78,1.13,79.1657906775995,-14.5913681247357,14.6153846153846,11.56,13.0,13.5,11.22,11264800.0,-4.04,-25.8974358974359,医疗保健,15.6,1,0,69.34,-12.559353735559798,6873428.600661931,0.6999135863658594
1276.HK,恒瑞医药,2025-05-23,454.85,17.09,7.40883563782759,53.2230314515497,12.1452894438139,55.15,57.0,60.5,55.15,82663811.0,11.1,25.1986379114642,医疗保健,44.05,0,1,69.34,28.625786844389594,74228330.21061799,0.03512543683908003
2629.HK,MIRXES-B,2025-05-23,25.51,0.98,-5.12074309342286,-11.5674458935153,12.6609442060086,30.0,29.0,31.95,29.0,9178741.0,6.7,28.755364806867,医疗保健,23.3,0,0,69.34,17.264753062783075,9338961.600001644,0.4804322965164326
3750.HK,宁德时代,2025-05-20,151.15,15.17,5.21217115229109,24.7351757277454,7.75665399239543,306.2,296.0,311.4,291.0,27692287.0,43.2,16.425855513308,工业,263.0,0,1,72.48,20.45704637052072,54594931.151203565,0.10521166988549031
6831.HK,绿茶集团,2025-05-16,317.54,7.2,5.08961451244423,11.2024658577755,12.6564673157163,6.29,7.19,7.2,6.29,88802599.0,-0.9,-12.5173852573018,可选消费,7.19,1,0,72.48,-8.162102683789733,98648325.36801884,0.6695236423737494
2865.HK,钧达股份,2025-05-08,3.5,1.08,1.85416264655582,-12.1924651372488,24.3792325056433,26.6,22.2,27.5,22.1,6655000.0,4.45,20.0902934537246,工业,22.15,0,1,54.38,4.291051585056057,4587739.845801304,0.2767880605031754
2589.HK,沪上阿姨,2025-05-08,3616.83,2.57,12.9877595713371,46.7533442569604,40.3111739745403,158.4,190.6,197.6,152.0,3268382.0,45.28,40.02828854314,可选消费,113.12,1,0,54.38,55.26782924693742,7042454.9231649395,0.6855537629041177
1333.HK,博雷顿,2025-05-07,198.72,0.92,12.8307262656854,-31.8857804496831,50.0,24.9,29.0,32.5,23.5,8331032.0,6.9,38.3333333333333,工业,18.0,1,0,54.38,30.735164263907695,6743169.440263134,0.6405483060909681
9606.HK,映恩生物-B,2025-04-15,115.14,13.52,-7.9986943655037,-15.4403842032196,43.3403805496829,205.0,181.0,222.0,181.0,10825216.0,110.4,116.701902748414,医疗保健,94.6,0,0,22.89,41.11700796250684,30492998.690335702,0.17380474498322332
3677.HK,正力新能,2025-04-14,3.51,1.13,3.30495627237422,214.139916307996,1.57194679564693,8.39,8.46,8.46,8.33,3230400.0,0.120000000000001,1.4510278113664,工业,8.27,0,0,22.89,4.69538225639838,3885183.2461933787,0.2786678522076795
2625.HK,江苏宏信,2025-03-31,46.96,0.93,0.946951962223338,11.6100140756753,50.4,2.5,3.44,3.65,2.39,27790000.0,0.0,0.0,日常消费,2.5,1,0,55.89,4.768718445464019,22375795.526033208,0.7481448970334015
2569.HK,舒宝国际,2025-03-27,167.09,1.02,1.79573674933649,11.3321546638418,65.6862745098039,0.67,0.49,0.82,0.485,272546000.0,0.16,31.3725490196078,日常消费,0.51,0,0,66.05,10.561468868060608,175498154.0530504,0.42954112497841707
2610.HK,南山铝业国际,2025-03-25,3.89,1.67,1.51351107063715,4.7619745883056,6.20300751879699,25.25,26.6,26.9,25.25,12882800.0,-1.35,-5.07518796992482,材料,26.6,0,0,66.05,-5.248311184887991,6720702.178955655,0.1754039723737019
2561.HK,维昇药业-B,2025-03-21,72.64,1.65,30.0837522326512,-39.828674619094,6.32267441860466,68.8,68.8,69.15,64.8,3408600.0,0.0,0.0,医疗保健,68.8,0,0,66.05,11.79975872240221,3483038.838943557,0.050308218078020876
6693.HK,赤峰黄金,2025-03-10,9.53,3.67,3.00036279135668,13.4630003031432,2.76967930029155,13.72,13.72,13.92,13.54,50199919.0,0.0,0.0,材料,13.72,0,1,86.75,-5.088447942683558,51521725.33392001,0.09927442935196852
6676.HK,找钢集团-W,2025-03-10,,,-1.51748149861911,-144.033233633866,41.8,10.02,11.38,11.98,7.8,1610500.0,0.0199999999999996,0.199999999999996,信息技术,10.0,1,0,86.75,8.880810283934391,1668190.476181104,0.4872873855159077
2097.HK,蜜雪集团,2025-03-03,5258.21,35.23,6.77074727001049,22.8242867448874,20.7407407407407,290.0,262.0,298.0,256.0,16058876.0,87.5,43.2098765432099,可选消费,202.5,0,0,69.48,40.06699282052291,25369877.658619042,0.5438021191730222
1364.HK,古茗,2025-02-12,194.87,15.03,9.82097135420074,13.7253353297519,14.7887323943662,9.3,10.0,10.4,8.93,134002435.0,-0.639999999999999,-6.43863179074445,可选消费,9.94,1,0,84.08,3.9019492340070694,135708462.73437315,0.6453966943634781
2571.HK,赛目科技,2025-01-15,2.66,1.06,2.93971540357543,30.3238880050773,12.6250962278676,13.18,13.3,14.66,13.02,7720400.0,0.19,1.4626635873749,信息技术,12.99,0,0,15.77,4.968164651122746,9376726.121103605,0.4256587549514702
2596.HK,宜宾银行,2025-01-13,0.21,1.14,1.1435822145383,21.5998275382428,3.86100386100386,2.61,2.59,2.69,2.59,25689500.0,0.02,0.772200772200773,金融,2.59,0,0,15.77,4.363507937069167,18361183.85172168,0.3064049753093935
0805.HK,新吉奥房车,2025-01-13,2.52,1.01,24.6009609758852,20.1061233758741,25.9842519685039,0.98,0.98,1.23,0.9,8738000.0,-0.29,-22.8346456692913,可选消费,1.27,0,0,15.77,3.6973066121264657,13463477.199093664,0.44536013695039073
2530.HK,纽曼思,2025-01-10,65.17,1.03,1.69705298048423,8.53094259012016,26.25,0.69,0.79,0.79,0.58,123024000.0,-0.11,-13.75,医疗保健,0.8,1,0,15.77,-16.183777251025084,110346227.32940625,0.7888059100466408
0325.HK,布鲁可,2025-01-10,5999.96,38.6,-12.0529845186981,-48.10380451863,41.4250207125104,85.0,109.6,109.9,84.9,26806252.0,24.65,40.8450704225352,可选消费,60.35,1,0,15.77,56.47905349749958,19115700.97117225,0.7817612090640044
2613.HK,汇舸环保,2025-01-09,55.33,0.95,4.43310393666216,10.3564870834057,5.66037735849058,33.8,33.95,34.95,33.15,2054100.0,2.0,6.28930817610062,工业,31.8,0,0,39.57,4.875111197640672,12592372.315586412,0.44733427426374933
2560.HK,海螺材料科技,2025-01-09,25.83,1.04,0.85107246138639,6.71058615235321,12.0,1.57,1.8,1.93,1.57,49011000.0,-1.43,-47.6666666666667,材料,3.0,1,0,39.57,-35.09465478201532,26578497.859133054,0.8419916201604148
6681.HK,脑动极光-B,2025-01-08,11.39,1.01,-8.42189780605237,-19.6933568527128,11.1801242236025,3.33,3.22,3.49,3.13,18896100.0,0.11,3.41614906832298,医疗保健,3.22,0,0,39.57,5.8667938627018055,6990864.528789164,0.3925470891995984
2506.HK,讯飞医疗科技,2024-12-30,3.66,1.1,19.1067082560404,-65.7970594917608,11.0507246376812,87.0,89.75,95.15,86.0,520446.0,4.2,5.07246376811595,信息技术,82.8,0,0,51.77,11.316054656522809,1118522.2805958954,0.25661988433915967
2577.HK,英诺赛科,2024-12-30,2.87,1.41,12.5757812277383,-22.4129548962685,11.1795204147764,31.0,31.0,34.0,30.55,2952480.0,0.140000000000001,0.453661697990929,信息技术,30.86,0,0,51.77,2.0012482989988722,2637132.612228338,0.16484174495130066
2587.HK,健康之路,2024-12-30,34.42,0.98,-5.11461809610398,-27.3443098162241,16.6666666666667,10.66,9.95,10.7,9.4,3281100.0,2.86,36.6666666666667,医疗保健,7.8,0,0,51.77,24.241687158240442,5287372.731703945,0.27349855321044336
2431.HK,佑驾创新,2024-12-27,14.04,1.09,9.56786211168371,-35.5815150169846,10.3529411764706,19.4,18.6,19.4,17.64,5996500.0,2.4,14.1176470588235,信息技术,17.0,0,0,51.77,20.908361792595866,4791895.789314436,0.2806382978950267
2432.HK,越疆,2024-12-23,9.25,2.64,18.3912872920925,-66.4742084216845,13.9361702127659,18.94,19.7,21.4,18.78,3105000.0,0.140000000000001,0.744680851063833,信息技术,18.8,0,0,39.47,5.661330709775107,4587793.23584213,0.1153286129596466
0999.HK,小菜园,2024-12-20,1.44,1.29,16.5294142993358,19.3575257905641,14.1176470588235,9.66,9.0,9.7,8.5,7799608.0,1.16,13.6470588235294,可选消费,8.5,0,0,39.47,11.240882853441436,8548237.399717322,0.27077114024652676
2593.HK,草姬集团,2024-12-19,6083.63,1.79,6.0904418209502,13.9740039491671,31.2,4.14,4.69,5.05,3.88,58056200.0,0.39,10.4,日常消费,3.75,1,0,36.88,6.209522271951803,34964862.43673492,0.8680984451620322
1318.HK,毛戈平,2024-12-10,919.18,30.34,14.7541781212191,34.4525242875733,32.0469798657718,52.6,47.65,57.2,47.65,83646270.0,22.8,76.510067114094,日常消费,29.8,0,0,33.17,45.49187414528338,101661685.26141608,0.13358696573122553
2570.HK,重塑能源,2024-12-06,1.55,1.33,6.29401168245009,-21.6872561976119,3.26530612244899,147.1,148.9,149.9,145.1,469700.0,0.0999999999999943,0.0680272108843499,可选消费,147.0,0,0,33.17,-4.080599160142239,1303549.1756256782,0.17549406415023547
2586.HK,多点数智,2024-12-06,1.94,1.36,-1.61530673293932,-18.7196680294004,26.3157894736842,13.8,21.7,21.75,13.8,3667840.0,-16.41,-54.3197616683217,信息技术,30.21,1,0,33.17,-25.24708005307523,3022150.059971725,0.6112421406330277
2585.HK,梦金园,2024-11-29,20.58,0.98,1.6672496114228,13.8544082349426,16.6666666666667,12.9,12.5,13.2,11.2,12461400.0,0.9,7.5,可选消费,12.0,1,0,15.85,4.7757856129182175,22735284.696697753,0.7860007818836725
2566.HK,九源基因,2024-11-28,675.83,1.18,1.89471289319918,14.2036948369894,12.8824476650564,7.65,7.5,9.1,7.5,28954400.0,-4.77,-38.4057971014493,医疗保健,12.42,0,0,18.29,-19.567554799463426,50554548.732657835,0.5241182319267452
6936.HK,顺丰控股,2024-11-27,79.07,10.1,1.670296374947,18.8217265122801,3.49854227405249,34.3,34.3,35.5,34.3,51647347.0,0.0,0.0,工业,34.3,0,1,18.29,1.5709893614192838,42845662.28622413,0.17163632344128416
2582.HK,国富氢能,2024-11-15,21.07,0.99,13.0909099849301,-100.971074680294,7.53846153846155,78.0,82.3,82.45,77.55,758200.0,13.0,20.0,工业,65.0,0,0,53.67,25.30933750324381,1728875.9202395307,0.3271253739077578
2519.HK,傲基股份,2024-11-08,17.74,2.45,2.29866335505696,9.77429456181223,15.7692307692308,13.82,13.88,14.96,12.5,12609200.0,-1.78,-11.4102564102564,可选消费,15.6,0,0,53.67,-10.120948478314045,36540646.87925104,0.32572982507109566
2551.HK,晶科电子股份,2024-11-08,5677.83,6.95,2.52785863584111,39.0867542417336,37.6731301939058,5.33,4.2,5.56,4.2,75504380.0,1.72,47.6454293628809,信息技术,3.61,0,0,53.67,52.480358316567035,28142712.5054763,0.5424469461682704
2510.HK,德翔海运,2024-11-01,12.09,2.22,0.488916589043921,41.8206534517778,8.13397129186603,4.1,4.18,4.25,3.91,44695000.0,-0.0800000000000001,-1.91387559808613,工业,4.18,0,0,57.51,9.599972158845109,10945815.252786802,0.1433247317496704
2563.HK,华昊中天医药-B,2024-10-31,21.45,0.994,9.50307925494876,-36.2376679309021,40.4375,20.8,21.5,25.95,19.48,3185800.0,4.8,30.0,医疗保健,16.0,0,0,56.6,26.500195771033628,2477098.892642054,0.14502155271059858
2465.HK,龙蟠科技,2024-10-30,3.99,3.23,0.829246156771321,-2.32131919110261,22.9090909090909,4.75,5.08,5.46,4.2,42487000.0,-0.75,-13.6363636363636,材料,5.5,1,1,56.6,-9.236247135130505,14976712.195651695,0.4645882739737646
9660.HK,地平线机器人-W,2024-10-24,33.83,13.81,-1.9627792336329,-7.18390601355941,35.0877192982456,4.1,5.12,5.5,4.1,493170606.0,0.109999999999999,2.75689223057643,信息技术,3.99,1,0,58.27,10.075576891701044,104835707.14671314,0.5325980067927758
2460.HK,华润饮料,2024-10-23,234.49,24.47,5.14107703332632,26.6968016058479,7.31034482758621,16.68,16.46,16.78,15.72,160092634.0,2.18,15.0344827586207,日常消费,14.5,0,0,58.27,15.424680088989316,130997602.60760751,0.145976354346156
2567.HK,七牛智能,2024-10-16,19.87,1.02,-0.714063282764548,-6.64341822701585,19.6363636363636,1.19,1.6,1.68,1.14,121377000.0,-1.56,-56.7272727272727,工业,2.75,1,0,80.28,-31.888172953453928,22593748.89221149,0.7987560836872004
9639.HK,荣利营造,2024-10-09,120.6,1.14,3.98990939044481,8.06168489214246,24.6575342465753,0.62,0.5,0.68,0.5,179715000.0,-0.11,-15.0684931506849,工业,0.73,0,0,97.56,-17.821345217588785,119157977.4599604,0.37269799454900066
2576.HK,太美医疗科技,2024-10-08,156.33,2.58,4.8044792891293,-13.5543541098224,19.0769230769231,9.2,11.24,11.68,9.2,16319616.0,-3.8,-29.2307692307692,医疗保健,13.0,1,0,97.56,-21.89208914590262,12708925.495131811,0.5671013158200926
2549.HK,卡罗特,2024-10-02,1347.27,7.91,19.9426533013433,18.725903525,72.6643598615917,9.15,9.5,10.88,6.68,111774000.0,3.37,58.3044982698962,日常消费,5.78,1,0,95.12,42.21643076470109,115372885.08409311,0.6950262955177302
0300.HK,美的集团,2024-09-17,5.31,8.06,2.48610680803011,12.0080539571783,3.64963503649635,59.1,59.2,60.0,58.0,65113949.0,4.3,7.84671532846716,可选消费,54.8,0,1,38.57,-0.6850045333232309,46955447.397603914,0.15020250618403672
8629.HK,集信国控,2024-09-06,14.33,1.03,,,,,,,,,,,工业,,0,0,37.6,-4.25254552093225,41381179.66978442,0.3114692700873423
2410.HK,同源康医药-B,2024-08-20,2.29,1.01,-5.20532520728004,-12.0389147192407,25.6198347107438,13.7,14.48,15.96,12.86,3187500.0,1.6,13.2231404958678,医疗保健,12.1,1,0,41.12,8.333712587533345,3903281.529912847,0.6809043794437436
2533.HK,黑芝麻智能,2024-08-08,2.52,1.05,-0.950813320136315,-2.17254407849147,16.1428571428571,20.45,18.8,22.8,18.28,3326300.0,-7.55,-26.9642857142857,信息技术,28.0,0,0,18.29,-19.20055034830033,3994860.0382137382,0.4443021335526634
1471.HK,众淼控股,2024-08-06,16.07,0.98,2.57513193298431,23.2949552473298,22.2857142857143,7.35,6.88,7.6,6.04,3237000.0,0.35,4.99999999999999,金融,7.0,1,0,18.29,16.34429613465754,8919948.538240172,0.818059386247783
2531.HK,广联科技控股,2024-07-15,2.49,1.06,4.3639979245345,31.1888988558352,18.7234042553191,4.8,5.48,5.6,4.72,4884000.0,0.0999999999999996,2.12765957446808,信息技术,4.7,1,0,45.53,6.2714545256925565,7919977.411598559,0.7194031004607693
2507.HK,西锐,2024-07-12,1.56,1.57,2.71926488255668,14.1232429593622,5.27272727272727,27.5,27.5,27.5,26.05,6391409.0,0.0,0.0,工业,27.5,0,0,45.53,-4.351204574299583,6991337.513253987,0.23273182656009325
1334.HK,瑞昌国际控股,2024-07-10,19.24,0.97,1.84219139096407,9.84825487674558,37.1428571428572,1.2,1.3,1.55,1.16,39965000.0,0.15,14.2857142857143,能源,1.05,1,0,23.69,4.079740094245006,22393171.03871171,0.8430095270485894
9680.HK,如祺出行,2024-07-10,0.6,1.17,-4.3844990246748,-9.05110705797829,14.8571428571429,33.9,30.0,35.2,30.0,2374300.0,-1.1,-3.14285714285715,工业,35.0,0,0,23.69,-10.303212207940652,2872039.7763376534,0.4108547994395074
2495.HK,声通科技,2024-07-10,3.51,1.24,-370.955269633913,-128.395757988179,12.4260355029586,135.0,135.0,139.9,121.0,237000.0,-17.1,-11.2426035502959,信息技术,152.1,1,0,23.69,6.074585687335852,773894.8773627748,0.5359323221922329
6657.HK,百望股份,2024-07-09,6.58,1.04,-5.70374577262408,-22.2460902953359,32.5,38.9,32.0,39.7,28.0,1036900.0,2.9,8.05555555555555,工业,36.0,1,0,23.69,4.751339808758661,1823419.3277978115,0.7181361644797454
6086.HK,方舟健客,2024-07-09,16.63,1.66,-2.89357962906347,-27.9591977265784,7.94621026894866,4.53,4.68,4.95,4.3,9892000.0,-3.65,-44.6210268948655,日常消费,8.18,0,0,23.69,-19.74889808662996,5776456.186656274,0.17800014051057814
2545.HK,中赣通信,2024-07-03,195.99,1.5,3.03058083636193,5.66519617448099,14.4,0.67,0.76,0.83,0.65,131536000.0,-0.58,-46.4,通讯服务,1.25,1,0,20.4,-29.88569798083501,94300971.53407557,0.6616349139486971
1354.HK,经发物业,2024-07-03,118.87,0.98,3.42919585041665,8.06729254260226,20.6666666666667,6.64,7.65,7.65,6.1,3344700.0,-0.86,-11.4666666666667,房地产,7.5,1,0,20.4,-6.130804548132991,8485038.689942429,0.9109663762263065
8637.HK,元续科技,2024-07-02,2480.61,1.43,1.37648201085796,8.06617860801657,12.396694214876,1.47,1.66,1.77,1.47,21203000.0,-0.95,-39.2561983471074,工业,2.42,1,0,20.4,-23.374876527621197,37345678.304671474,0.8017148093482858
2479.HK,天聚地合,2024-06-28,602.87,0.99,4.34694688879649,78.6135544162931,68.5227409096364,60.15,113.0,117.2,60.1,1620450.0,-23.18,-27.8171126845074,信息技术,83.33,1,0,20.4,14.282030496707256,9733239.64185457,0.7764093628741153
2559.HK,嘀嗒出行,2024-06-28,112.9,1.28,-1.26561857955642,13.9440002266876,20.8333333333333,4.65,5.23,5.9,4.65,26229000.0,-1.35,-22.5,工业,6.0,1,0,20.4,-16.813271329981323,17771536.056230113,0.6580007080398593
6181.HK,老铺黄金,2024-06-28,582.15,11.9,6.90738659454566,25.1441601615174,36.1728395061728,70.0,64.5,75.6,60.95,17850500.0,29.5,72.8395061728395,可选消费,40.5,0,0,20.4,37.894954512535236,38016591.86308292,0.221242908348806
2881.HK,武汉有机,2024-06-18,337.57,0.92,1.12070286361654,8.14165987929001,63.6363636363637,7.02,9.88,10.3,6.8,9508500.0,1.52,27.6363636363636,材料,5.5,1,0,30.61,8.485172333795916,15054442.164573764,0.9153144041450156
2512.HK,云工场,2024-06-14,25.79,1.09,29.2599017326093,113.773795877325,21.5217391304348,3.8,4.37,4.65,3.66,29280598.0,-0.8,-17.3913043478261,工业,4.6,1,0,30.61,38.57882710119958,28222601.803991813,0.6609205540572199
2228.HK,晶泰控股,2024-06-13,103.35,2.13,-2.46390377833682,-9.35353437269944,24.0530303030303,5.8,5.39,6.58,5.31,85480400.0,0.52,9.84848484848484,信息技术,5.28,0,0,54.84,3.0548557457986645,47814847.90240105,0.22948771701863413
2522.HK,一脉阳光,2024-06-07,336.33,1.24,3.74698472639485,109.049952176643,19.2256341789052,15.0,15.0,16.96,14.08,12268300.0,0.0199999999999996,0.133511348464617,医疗保健,14.98,0,0,54.84,11.930241691416168,16347516.07330305,0.26961602825919845
2550.HK,宜搜科技,2024-06-07,114.59,0.98,8.7531003655855,132.531899681956,53.448275862069,11.12,8.5,11.6,8.5,5560500.0,5.32,91.7241379310345,通讯服务,5.8,0,0,54.84,86.12625808215074,9967762.454764318,0.3859366498923223
8529.HK,优博控股,2024-06-03,2503.03,1.15,4.42551770207081,53.9152441445018,34.0,0.53,0.66,0.68,0.51,225085000.0,0.03,6.00000000000001,信息技术,0.5,1,0,34.59,11.738817730403191,80694079.11232,0.7872122551242796
2443.HK,汽车街,2024-05-31,433.34,0.98,24.7282707055613,-629.583143387578,42.3529411764706,12.94,14.5,16.92,12.6,7705800.0,2.74,26.8627450980392,可选消费,10.2,1,0,34.59,26.256342281604265,7882810.912096417,0.6822779730738254
2505.HK,EDA集团控股,2024-05-28,103.44,0.98,5.16740378639938,24.1267119945824,69.2982456140351,4.2,3.09,4.41,2.83,33638192.0,1.92,84.2105263157895,工业,2.28,0,0,56.07,53.62341038947048,29523349.167486235,0.4612355816414411
0917.HK,趣致集团,2024-05-27,12.05,1.11,-21.4849804024862,63.6343764765637,32.0,35.0,33.0,35.0,27.0,2521400.0,10.0,40.0,通讯服务,25.0,1,0,56.07,33.28351646908864,6006222.18743642,0.6918862202679472
2898.HK,盛禾生物-B,2024-05-24,10.08,1.27,-19.8010835801124,-15.5347059211454,9.77777777777778,14.52,14.46,15.42,14.1,2768400.0,1.02,7.55555555555555,医疗保健,13.5,0,0,56.07,4.818852690751244,2630934.3033285476,0.29927194398996404
2529.HK,泓盈城市服务,2024-05-17,47.59,1.2,1.81914135405348,6.63220086066859,17.1875,3.21,3.46,3.65,3.1,11580000.0,0.00999999999999979,0.312499999999993,房地产,3.2,1,0,93.9,-11.26540551271189,36182596.85183984,0.7959815842664969
2556.HK,迈富时,2024-05-16,5.95,1.03,-11.4574893309097,-64.9473838065017,25.2293577981651,51.65,45.0,56.0,45.0,799500.0,8.05,18.4633027522936,信息技术,43.6,0,0,87.8,22.463264978520684,1218690.0548250377,0.2759034493310663
2438.HK,出门问问,2024-04-24,117.39,1.58,-1.20425071479318,-6.1973009057909,20.5263157894737,3.68,2.98,3.76,2.98,61942500.0,-0.12,-3.1578947368421,信息技术,3.8,0,0,25.9,-10.206777169730957,56526618.51710117,0.3117215537304825
2555.HK,茶百道,2024-04-23,0.5,1.11,20.8243101347239,15.045491913656,28.2285714285714,12.8,15.74,15.74,10.8,16394628.0,-4.7,-26.8571428571429,可选消费,17.5,1,0,25.9,-10.256739522992895,9788160.815231206,0.6975438358417964
2515.HK,天津建发,2024-04-23,433.06,1.02,1.32000260453288,7.24198870768536,26.4,1.52,1.88,2.18,1.52,56518000.0,-0.98,-39.2,工业,2.5,1,0,25.9,-25.28277182769054,71874740.90526123,0.9141756081095203
2497.HK,富景中国控股,2024-03-28,294.13,0.96,1.97437620159398,13.6218322161284,91.6666666666667,1.48,2.13,2.4,1.41,37768000.0,0.4,37.037037037037,日常消费,1.08,1,0,54.45,21.374081618883665,23000370.5605783,0.790006206510246
2598.HK,连连数字,2024-03-28,16.94,1.89,15.542760292998,-13.9610833446493,6.16438356164384,9.44,9.8,9.91,9.28,15429700.0,-0.780000000000001,-7.63209393346381,信息技术,10.22,0,0,54.45,-5.900385142188393,9036595.104238834,0.1679977950082845
2536.HK,百乐皇宫,2024-03-26,15.96,1.29,6.87706670181612,54.3552113058839,22.6923076923077,3.0,2.75,3.32,2.73,50437218.0,0.4,15.3846153846154,可选消费,2.6,0,0,54.45,29.61643883483854,51639905.80691241,0.1988080870848189
9879.HK,米高集团,2024-03-21,9.79,1.28,2.26798774925887,7.95475614000874,12.2549019607843,4.09,4.38,4.58,4.08,34513000.0,0.00999999999999979,0.245098039215681,材料,4.08,0,0,69.48,-6.359501523145371,41294012.20838375,0.2653183914002772
2509.HK,荃信生物-B,2024-03-20,163.15,0.9965,16.7270096454248,-9.71056561744015,18.6868686868687,24.5,27.4,28.2,24.5,2308200.0,4.7,23.7373737373737,医疗保健,19.8,1,0,69.48,11.154642491337839,4967956.951111392,0.6770889200753031
2535.HK,泓基集团,2024-03-08,70.48,0.98,8.66163117599994,46.8161079150962,100.0,0.59,0.65,0.73,0.48,96680000.0,0.34,136.0,工业,0.25,1,0,50.73,124.74462147170163,53014243.01339209,0.7683327515632881
2540.HK,乐思集团,2024-03-08,22.35,1.46,1.60388756870028,10.4193558277506,63.6363636363636,1.5,0.9,1.6,0.9,65740000.0,0.4,36.3636363636364,通讯服务,1.1,0,0,50.73,10.464644617038685,72591912.22580409,0.3009343022905854
2477.HK,经纬天地,2024-01-12,28.64,0.97,14.0482724603641,58.6463891748787,99.0,2.64,1.77,2.69,1.7,27933800.0,1.64,164.0,信息技术,1.0,0,0,22.32,140.98442968065476,48470407.73963194,0.3782774850644175
2453.HK,美中嘉和,2024-01-09,1.99,1.02,4.49799542662761,-19.2787129346016,16.2464985994398,11.08,9.8,12.02,9.7,3770200.0,-3.2,-22.4089635854342,医疗保健,14.28,0,0,32.63,-14.850927758270553,3171599.15750187,0.33060898143850664
2503.HK,中深建业,2024-01-09,58.44,1.09,0.901917922368054,10.5581153052115,14.0,0.72,0.81,0.84,0.7,32216000.0,-0.28,-28.0,工业,1.0,1,0,32.63,-22.503700128273987,25201950.780497286,0.8497122154734384
6959.HK,长久股份,2024-01-09,11.67,1.07,8.92040839973787,12.3718217529979,19.4957983193277,6.91,6.1,7.21,6.05,4309500.0,0.96,16.1344537815126,工业,5.95,0,0,32.63,6.550744418771959,17064278.45673548,0.4471573622013391
2498.HK,速腾聚创,2024-01-05,0.58,1.28,-1.92661921038285,-4.03646238761342,3.72093023255814,43.0,43.0,43.1,41.5,944300.0,0.0,0.0,信息技术,43.0,0,0,32.63,-6.206376363570626,1660204.3175710717,0.22183330861560013
9880.HK,优必选,2023-12-29,5.16,2.16,35.2759998830595,-34.7863816312607,5.77777777777778,90.85,89.9,93.45,88.25,1657500.0,0.849999999999994,0.944444444444438,信息技术,90.0,0,0,62.37,10.742881262084365,2827835.6810871754,0.0814334684859836
2149.HK,贝克微,2023-12-28,1.34,1.36,3.0735880859449,12.7714486363923,19.4757917728431,22.7,25.05,27.25,21.9,1734000.0,-4.77,-17.3643975245723,信息技术,27.47,1,0,26.79,-9.824956658906764,3069477.305885009,0.6034048633595119
6911.HK,澜沧古茶,2023-12-22,13.23,1.32,0.821924108199578,9.04094890935531,30.2803738317757,8.7,10.7,11.94,8.7,2073200.0,-2.0,-18.6915887850467,日常消费,10.7,1,0,26.79,-16.214337719116347,3818962.586665793,0.7651191807417623
2489.HK,集海资源,2023-12-22,8.76,1.03,1.80630941139724,12.0227654000529,12.7272727272727,0.56,0.51,0.58,0.51,111510000.0,0.01,1.81818181818182,材料,0.55,0,0,26.79,-0.6082006094110388,45168650.93077647,0.4037393201310032
2516.HK,泛远国际,2023-12-22,14.49,1.04,1.36950742982939,27.041473259334,45.5555555555556,1.0,1.3,1.32,0.91,37100000.0,0.1,11.1111111111111,工业,0.9,1,0,26.79,16.959465290303015,31342736.2001697,0.8243898848713009
2511.HK,君圣泰医药-B,2023-12-22,32.22,1.25,-12.0985051457129,-29.924175787055,6.60869565217391,12.38,11.92,12.68,11.92,5106500.0,0.880000000000001,7.65217391304348,医疗保健,11.5,0,0,26.79,3.7648042256097245,7338495.327903414,0.2881002892606174
2502.HK,金源氢化,2023-12-20,42.82,1.07,1.27604465943197,5.37275645657568,18.3333333333333,0.87,1.06,1.09,0.87,46140000.0,-0.33,-27.5,材料,1.2,1,0,40.58,-25.925995685312902,38405431.707259186,0.8698757361176866
1274.HK,知行科技,2023-12-20,6.46,1.07,7.841649410526,-15.2645061502121,16.0202360876897,25.85,29.55,30.6,25.85,1743300.0,-3.8,-12.8161888701518,信息技术,29.65,1,0,40.58,-6.007419855474302,2251329.9829091453,0.7271388273716842
0666.HK,瑞浦兰钧,2023-12-18,1.27,1.21,3.55345992942796,-107.861302910714,6.01092896174864,18.78,18.6,19.66,18.56,1663600.0,0.48,2.62295081967213,工业,18.3,0,0,40.58,5.339974685905382,1866645.8988029954,0.29592179754630693
1497.HK,燕之屋,2023-12-12,83.63,1.27,8.87645730706256,21.024951493432,11.1340206185567,9.7,10.5,10.7,9.62,11365600.0,0.0,0.0,日常消费,9.7,0,0,24.39,16.440096786199252,26283141.976180997,0.3613564213258867
2419.HK,德康农牧,2023-12-06,1.88,1.13,2.62119954160928,13.1200083660479,2.84167794316643,37.5,36.95,38.0,36.95,1029500.0,0.549999999999997,1.48849797023003,日常消费,36.95,0,0,17.16,-0.4334884498066169,3198490.9778282847,0.29750381874658716
2483.HK,K CASH集团,2023-12-05,18.93,1.24,1.24212568646527,13.1879466588079,10.5555555555556,1.79,1.61,1.8,1.61,35682000.0,-0.01,-0.555555555555556,金融,1.8,0,0,17.16,-6.561184496137604,25482408.216752335,0.3076053333045727
2521.HK,升辉清洁,2023-12-05,33.35,1.33,2.70581610951692,13.9293389601326,23.4375,0.33,0.3,0.36,0.285,198562500.0,0.01,3.125,工业,0.32,0,0,17.16,-5.717305727294629,118896586.49579766,0.4070821030140969
9663.HK,国鸿氢能,2023-12-05,1.18,1.13,3.97732469309676,-33.5111018265905,27.8738555442523,19.8,16.5,19.88,14.4,28234500.0,0.140000000000001,0.712105798575791,工业,19.66,1,0,17.16,4.427033804437716,5828682.656787206,0.6332072815584554
2520.HK,山西安装,2023-11-22,0.6,1.33,1.43503922562582,17.2084107551093,3.21100917431192,2.18,2.18,2.25,2.18,12720000.0,0.0,0.0,公用事业,2.18,0,0,40.51,-1.8977849551312338,9425750.810835063,0.28346246699440736
2268.HK,药明合联,2023-11-17,49.96,19.6,19.9049100748728,189.267216133975,11.8932038834951,28.0,26.95,29.25,26.8,63769819.0,7.4,35.9223300970874,医疗保健,20.6,0,0,40.51,36.49876178071494,49155487.59609138,0.05068236704812575
2499.HK,佛朗斯股份,2023-11-10,7.8,1.37,5.10145999762213,129.616799268981,8.26330532212885,14.76,15.48,15.48,14.3,1370000.0,0.48,3.36134453781513,工业,14.28,0,0,23.27,17.20544009960975,4973537.209473177,0.10669624910914542
1111.HK,华视集团控股,2023-11-10,12.62,1.09,11.8477563669684,24.4246613221928,37.5,1.62,1.65,1.79,1.4,43200000.0,0.58,55.7692307692308,通讯服务,1.04,1,0,48.27,48.80157911913166,43658951.61940127,0.7390324629212082
2473.HK,喜相逢集团,2023-11-09,14.71,1.007,1.51002713463818,9.57220538757872,230.909090909091,1.64,2.18,3.96,1.42,50720000.0,0.54,49.0909090909091,可选消费,1.1,1,0,48.27,19.662886709762898,49066976.75436598,0.7370413701194103
2429.HK,友宝在线,2023-11-03,11.29,1.41,10.3586502241238,-35.6957654499175,25.7004830917874,14.58,12.5,14.98,12.32,4700500.0,4.23,40.8695652173913,日常消费,10.35,0,0,48.27,26.456986153693585,4444274.257045842,0.17039553695341575
2517.HK,锅圈,2023-11-02,4.34,1.33,5.63896923561115,63.6344802698173,4.01337792642139,5.98,5.98,6.22,5.98,4432800.0,0.0,0.0,日常消费,5.98,0,0,23.71,3.3111743333725134,6389128.303714384,0.12457517417517959
1519.HK,极兔速递-W,2023-10-27,1.36,1.91,-2.79816580950617,8.18928731634581,3.33333333333332,12.0,12.0,12.2,11.8,21003699.0,0.0,0.0,工业,12.0,0,0,23.71,0.02276112796919105,18093839.529556815,0.1823128535825739
2451.HK,绿源集团控股,2023-10-12,7.66,0.9,4.17099147636584,24.0243878955316,11.3975576662144,7.44,7.34,8.05,7.21,9701000.0,0.0700000000000003,0.949796472184536,可选消费,7.37,0,0,17.5,13.927689051638106,15345858.039209772,0.5235631765581523
9676.HK,十月稻田,2023-10-12,1.31,1.26,-168.993440524023,-31.8602710213967,21.7447916666667,18.84,16.6,19.94,16.6,1915800.0,3.48,22.65625,日常消费,15.36,0,0,17.5,17.086413984446587,1664674.0866715205,0.2768666773617813
2501.HK,迈越科技,2023-10-11,2.46,1.16,4.10209410955971,14.926293722065,50.8474576271186,1.63,1.23,1.69,1.09,51522000.0,0.45,38.135593220339,信息技术,1.18,1,0,17.5,11.812617316650648,16782198.66242608,0.7307412965082561
1973.HK,天图投资,2023-10-06,0.26,1.28,0.414036332051301,5.40159637786269,15.8461538461538,4.88,5.39,5.52,4.49,2049600.0,-1.62,-24.9230769230769,金融,6.5,1,0,17.5,-15.772205480709227,2046302.4725254113,0.6110951962133807
9686.HK,熙康云医院,2023-09-28,0.9,1.15,-4.5256902105386,-8.45364598725608,20.5882352941176,2.72,3.69,3.7,2.72,6301000.0,-2.04,-42.8571428571428,信息技术,4.76,1,0,20.71,-19.50381057887104,4972737.045001429,0.6437268635312101
6682.HK,第四范式,2023-09-28,11.4,1.57,-15.3996947443756,-14.7426155621326,15.3776978417266,58.5,63.1,65.0,56.45,1745800.0,2.9,5.21582733812949,信息技术,55.6,1,0,20.71,3.965154475917545,3237018.616386244,0.49776401967140393
9890.HK,贪玩,2023-09-28,104.0,1.67,3.85942602670354,13.0013948332144,7.28571428571428,14.0,13.78,14.5,13.48,5412400.0,0.0,0.0,通讯服务,14.0,0,0,20.71,-5.704431512075344,22701948.096230872,0.31080393896195735
9690.HK,途虎-W,2023-09-26,2.67,2.3,-1.13204374607538,-10.0459468740632,6.42857142857143,29.5,28.0,29.8,28.0,3787600.0,1.5,5.35714285714286,可选消费,28.0,0,0,20.71,-4.747376719669155,5921087.703116734,0.2815703170787003
2496.HK,友芝友生物-B,2023-09-25,13.81,1.57,17.6956602480338,-14.6052487519405,5.0,16.0,16.4,16.8,16.0,1519600.0,0.0,0.0,医疗保健,16.0,0,0,20.71,-2.3261698937862083,2632674.3045316865,0.13792971456441205
2490.HK,乐舱物流,2023-09-25,4.77,1.53,1.47171976658176,3.39553254107326,4.87329434697856,5.1,5.13,5.13,4.88,2709000.0,-0.0300000000000002,-0.584795321637432,工业,5.13,0,0,20.71,-3.658522144742237,3802888.9722702866,0.2576377035251003
1541.HK,宜明昂科-B,2023-09-05,9.98,1.06,8.35199012815338,-16.1532465106202,14.5161290322581,19.52,21.2,22.0,19.3,894500.0,0.919999999999998,4.94623655913977,医疗保健,18.6,0,0,31.06,1.3908836375645939,1625753.735470146,0.4178595265494211
2271.HK,众安智慧生活,2023-07-18,1.84,1.63,5.98528369755948,10.7766200774465,8.47457627118643,1.21,1.22,1.22,1.12,38124000.0,0.03,2.54237288135593,房地产,1.18,0,0,51.73,-1.0657748883343654,31167842.15998147,0.08341532800749965
1284.HK,新传企划,2023-07-17,44.2,1.5,,,,,,,,,,,通讯服务,,0,0,51.73,-12.071799923194497,149603325.55661395,0.32830257989580597
6683.HK,巨星传奇,2023-07-13,12.99,1.15,16.0950927884492,62.2444511417642,25.8823529411765,5.26,5.75,6.3,5.2,22968700.0,1.01,23.7647058823529,可选消费,4.25,0,0,16.16,56.451347593211906,26851954.468441177,0.4053667739478986
3650.HK,KEEP,2023-07-12,3.08,1.37,-1.81320211811611,-130.246898250588,11.9294605809129,29.0,30.3,32.0,28.55,1890200.0,0.0799999999999983,0.276625172890727,信息技术,28.92,0,0,16.16,-0.43795097815805234,2058866.023953364,0.2761990561523476
6990.HK,科伦博泰生物-B,2023-07-11,1.27,3.4,-3.73492904293045,-19.557856431021,6.43564356435643,62.5,60.6,64.5,60.6,2002300.0,1.9,3.13531353135313,医疗保健,60.6,0,0,16.16,-4.060429685592379,3419771.190911504,0.2500005237153396
2481.HK,慧居科技,2023-07-10,1.54,1.35,1.33386626251346,10.0577286889071,8.33333333333334,3.6,3.6,3.62,3.32,10561000.0,0.0,0.0,信息技术,3.6,0,0,16.16,-0.8497467650510996,11447279.02528041,0.28960285000518154
9860.HK,艾迪康控股,2023-06-30,1.06,1.8,17.4582391315711,13.0995582301018,14.448051948052,13.8,12.32,13.8,12.02,3373000.0,1.48,12.012987012987,医疗保健,12.32,0,0,26.46,1.963589044642458,4651650.8842268195,0.1406486117254321
2105.HK,来凯医药-B,2023-06-29,5.81,1.09,-2.74369456007104,-6.68758216499551,24.0128928283642,15.0,12.44,15.4,12.42,2822000.0,2.59,20.870265914585,医疗保健,12.41,0,0,17.5,6.96189572517672,3829598.322172403,0.4592136059295494
9885.HK,药师帮,2023-06-28,5.6,2.08,-2.73940055430182,-8.00606432176913,13.75,21.1,23.05,23.3,20.55,3722800.0,1.1,5.50000000000001,医疗保健,20.0,1,0,17.5,2.3372851753308828,4540558.639939,0.5851872202344796
2487.HK,科笛-B,2023-06-12,1.41,1.07,-4.7829697669127,-10.7245513928921,13.9588100686499,21.95,21.8,22.05,19.0,1319600.0,0.0999999999999979,0.45766590389015,医疗保健,21.85,1,0,36.22,-1.7199230990534398,2544719.3299347926,0.7223563417149008
9930.HK,宏信建发,2023-05-25,0.12,1.47,1.37339987201871,13.7538096901636,13.4955752212389,3.21,3.26,3.74,3.13,3544610.0,-1.31,-28.9823008849557,工业,4.52,0,0,26.2,-15.793222211859806,4331492.579223402,0.1774431853100535
2416.HK,易点云,2023-05-25,0.35,1.2,-2.65298648918083,-8.28657525769592,8.04710500490678,9.88,9.46,9.98,9.16,1171000.0,-0.309999999999999,-3.0421982335623,信息技术,10.19,0,0,26.2,-6.4842728761877195,1792605.8933065855,0.2795885517096639
2486.HK,普乐师集团控股,2023-05-11,2.2,1.2,2.57892983096654,16.95540421333,33.9622641509434,7.99,10.4,10.4,6.8,7290800.0,-2.61,-24.622641509434,通讯服务,10.6,1,0,45.17,-8.66978537062707,8034520.037303024,0.7277584651940291
2442.HK,怡俊集团控股,2023-05-09,17.27,1.05,4.06436463807597,13.8997427518598,17.1875,0.98,0.87,1.06,0.84,48022000.0,-0.3,-23.4375,工业,1.28,0,0,45.17,-16.02781364693927,54470423.87621201,0.3667805683734964
2480.HK,绿竹生物-B,2023-05-08,3.25,1.33,4.24390455752217,-5.48624649041904,29.2682926829268,22.0,31.5,31.6,22.0,2796200.0,-10.8,-32.9268292682927,医疗保健,32.8,1,0,45.17,-18.457102930190512,2952152.4291006536,0.6945714788166119
6979.HK,珍酒李渡,2023-04-27,1.94,3.9,-6.8014468275849,25.1964577497048,10.6284658040665,8.88,9.0,9.97,8.82,111155200.0,-1.94,-17.9297597042514,日常消费,10.82,0,0,37.21,-8.275113408383683,30366431.60535717,0.16732247884416407
2415.HK,梅斯健康,2023-04-27,9.85,1.47,-25.4995726179844,-49.9572678433316,9.56043956043957,9.2,8.85,9.47,8.6,6280550.0,0.0999999999999996,1.09890109890109,医疗保健,9.1,0,0,37.21,8.385419519701525,4200304.40468685,0.18284335038607863
6623.HK,陆控,2023-04-14,,,0.381763805541198,4.08955066129028,,34.75,33.5,36.5,33.4,535500.0,,,金融,,0,0,55.12,-8.841570897184114,1920436.6249845265,0.23237076574433638
9669.HK,北森控股,2023-04-13,16.57,1.51,-1.95572293583801,-6.28830369681363,36.2962962962963,26.1,29.6,29.8,19.02,7265400.0,-3.6,-12.1212121212121,信息技术,29.7,1,0,44.72,-7.980850383415781,8124730.907750254,0.5864789464705636
2405.HK,力盟科技,2023-03-31,13.47,1.45,13.6527473628385,15.6879858211867,38.5714285714286,0.84,0.76,0.88,0.61,74876000.0,0.14,20.0,通讯服务,0.7,1,0,44.72,11.147559961240047,58398191.113336995,0.5958523307350087
2439.HK,中宝新材,2023-03-31,6.33,,3.10164778210673,10.7493381468111,12.3809523809524,0.68,0.65,0.77,0.64,111442000.0,-0.37,-35.2380952380952,材料,1.05,0,0,44.72,-18.928783537647433,72308352.0187198,0.24573407284506105
2433.HK,中天湖南集团,2023-03-30,10.62,1.01,3.27269482687646,17.7570509531417,58.4745762711864,2.67,2.92,3.09,2.4,47247000.0,1.49,126.271186440678,工业,1.18,1,0,27.74,60.88298700297189,43535988.20395492,0.7430722080828609
2409.HK,洲际船务,2023-03-29,1.14,1.09,1.58168386713715,2.88669171968995,22.3241590214067,2.58,3.28,3.31,2.58,37156000.0,-0.69,-21.1009174311927,工业,3.27,1,0,27.74,-15.81986396632644,9418582.941393185,0.740262629218622
1405.HK,达势股份,2023-03-28,0.45,1.9,7.01306986225245,-23.7239850516048,1.41304347826087,45.95,46.0,46.5,45.85,1662300.0,-0.0499999999999972,-0.108695652173907,可选消费,46.0,0,0,27.74,-3.0824851888008094,2347106.2320204643,0.12589735519315168
2421.HK,嘉创地产,2023-03-23,,,0.875842876494709,2.69113022127883,,1.6,1.76,2.0,1.49,3033657.0,,,房地产,,1,0,26.32,-9.283373688069592,2206464.0674316287,0.6121289628060108
9636.HK,九方智投控股,2023-03-10,2.59,1.85,13.4697915652216,15.4839985318427,3.41176470588236,17.14,17.02,17.14,16.56,13967684.0,0.140000000000001,0.823529411764709,信息技术,17.0,0,0,13.16,5.292618264290522,17971977.316894807,0.283981941469008
2482.HK,维天运通,2023-03-09,23.09,1.43,6.3771876093531,2538.48233242859,6.89655172413792,2.84,2.81,2.9,2.7,13315000.0,-0.0600000000000001,-2.06896551724138,工业,2.9,0,0,39.72,16.621393567450838,14406230.729635345,0.10939079249666434
2450.HK,淮北绿金股份,2023-01-20,12.26,0.95,0.672812385407527,3.70824323987539,10.9947643979058,1.06,1.21,1.27,1.06,47025000.0,-0.85,-44.5026178010471,材料,1.91,1,0,94.67,-27.33933619720525,20769710.685507536,0.7587567705238866
2306.HK,乐华娱乐,2023-01-19,28.68,1.29,-38.6911722676056,2.71765060110411,28.921568627451,6.03,5.6,6.48,5.3,52467100.0,1.95,47.7941176470588,通讯服务,4.08,0,0,98.68,23.229825291832164,29559636.526187122,0.34231154282714
2455.HK,润华服务,2023-01-17,8.74,1.29,1.68449019705662,8.40630517589066,8.23529411764705,1.26,1.38,1.4,1.26,18696000.0,-0.44,-25.8823529411765,房地产,1.7,0,0,98.68,-14.976169464198536,31203840.126211382,0.22772777840288544
2459.HK,升能集团,2023-01-17,9.88,1.2,1.71761586156397,30.4562896840313,18.125,1.78,1.68,1.96,1.67,57276500.0,0.18,11.25,工业,1.6,0,0,98.68,18.12842790955061,42088287.51070271,0.2701570958267057
2458.HK,望尘科技控股,2023-01-16,3.4,1.7,5.74000085029882,52.4073748613678,17.6923076923077,5.75,5.0,6.15,5.0,3924790.0,-0.75,-11.5384615384615,通讯服务,6.5,0,0,98.68,4.049236716218746,5527294.190443942,0.08536072680281953
2373.HK,美丽田园医疗健康,2023-01-16,22.12,4.7,32.3557175248161,59.2290160476435,25.1035196687371,29.65,30.5,32.9,28.05,15236000.0,10.33,53.4679089026915,医疗保健,19.32,0,0,98.68,41.546183334033515,32727584.858803276,0.09514586220462502
2411.HK,百果园集团,2023-01-16,12.2,2.8,2.86411435934309,26.175803054003,20.0,6.0,6.52,7.12,6.0,19622590.0,0.4,7.14285714285715,日常消费,5.6,0,0,98.68,14.742649996923873,26617930.36305206,0.17631714278746244
2147.HK,正味集团,2023-01-13,18.28,1.33,1.5484337479928,8.56982161594963,30.8823529411765,0.56,0.74,0.77,0.56,196248000.0,-0.12,-17.6470588235294,日常消费,0.68,1,0,98.68,-15.33999105254477,97007726.07398236,0.6051950625239467
2402.HK,亿华通,2023-01-12,0.29,1.84,2.68869355383112,-37.8397797962945,3.41666666666666,60.0,60.0,60.5,58.45,1822100.0,0.0,0.0,工业,60.0,0,1,96.05,8.066094575450723,2154504.5004374273,0.10930441306961022
2469.HK,粉笔,2023-01-09,33.88,2.3243,-1.91434919420653,-9.96261365286941,18.5858585858586,11.1,10.5,12.1,10.26,11805000.0,1.2,12.1212121212121,可选消费,9.9,0,0,96.05,3.807636293572679,16969703.223089565,0.3213614636600828
9658.HK,特海国际,2022-12-30,,,-4.2175431185819,-5.23673421263,,9.94,7.0,14.5,7.0,20384961.0,,,可选消费,,0,0,84.27,5.414941041026366,10943708.460535685,0.19487893704332823
6922.HK,康沣生物-B,2022-12-30,1.95,1.28,20.2313830948907,-33.8898952004947,10.05291005291,17.66,18.5,18.9,17.0,771400.0,-1.24,-6.56084656084655,医疗保健,18.9,0,0,84.27,0.3253874051078203,996218.1005385563,0.1170391579982148
2425.HK,澳亚集团,2022-12-30,2.08,1.16,0.727165392151427,5.46696643447877,15.0,6.37,6.1,6.38,5.42,5765990.0,-0.0300000000000002,-0.468750000000004,日常消费,6.4,1,0,84.27,-8.343326572897373,4809256.777877553,0.7557790004808331
6955.HK,博安生物,2022-12-30,2.12,1.52,5.31320958360618,-36.5741636130244,7.87878787878787,19.8,19.9,21.0,19.44,1934930.0,0.0,0.0,医疗保健,19.8,0,0,84.27,4.390097789037076,2088010.3333922215,0.12153952414832854
3896.HK,金山云,2022-12-30,,,0.616140438993526,-4.1124645574056,,2.1,1.99,2.15,1.99,4138000.0,,,信息技术,,0,0,84.27,-12.562249186982491,5102679.234621556,0.269681436795874
6698.HK,星空华文,2022-12-29,5.12,1.47,3.68838118830965,-42.6473110782483,63.9622641509434,45.2,32.55,49.5,32.55,1505600.0,18.7,70.5660377358491,通讯服务,26.5,0,0,86.26,35.205627376896345,2034680.9673052395,0.15287812704835882
2427.HK,GUANZE MEDICAL,2022-12-29,14.23,1.2,8.36998220410476,59.2657510355352,141.509433962264,1.75,1.2,1.92,1.17,63010000.0,1.22,230.188679245283,医疗保健,0.53,0,0,86.26,131.00052096284605,41921786.701160684,0.22980168375199905
6929.HK,业聚医疗,2022-12-23,2.01,1.09,5.3042861710094,-218.559507053527,12.5,9.15,8.8,9.15,8.05,4592500.0,0.35,3.97727272727272,医疗保健,8.8,0,0,86.26,8.38313852344638,3080937.5502193645,0.22090008698009828
0314.HK,思派健康,2022-12-23,8.27,1.41,-2.872645781084,-4.16960969137712,24.7311827956989,25.0,23.7,26.35,21.75,2174600.0,6.4,34.4086021505376,日常消费,18.6,0,0,86.26,17.915069841857953,3245688.513432603,0.22550743447624225
2076.HK,BOSS直聘-W,2022-12-22,,,5.35236803444974,-53.3403631610201,,78.5,77.85,78.75,77.45,443200.0,,,信息技术,,0,0,84.62,17.284686305023747,1163599.00411911,0.18426433963753375
2145.HK,上美股份,2022-12-22,0.48,1.42,8.60938198861238,24.1340980685597,7.14285714285715,25.2,25.2,26.0,24.2,1390800.0,0.0,0.0,日常消费,25.2,0,0,84.62,4.280888219280678,4412814.115248507,0.14322153205940055
9985.HK,卫龙美味,2022-12-15,15.3,2.6,5.24844272960579,23.2983386069915,7.19696969696969,10.02,10.2,10.78,10.02,20856380.0,-0.540000000000001,-5.11363636363637,日常消费,10.56,0,0,93.42,7.53254467698991,30886585.772969585,0.16668288739708537
2457.HK,步阳国际,2022-12-15,51.22,1.19,1.14392314149799,6.51249236651356,26.0,0.3,0.355,0.425,0.295,219745000.0,-0.2,-40.0,可选消费,0.5,1,0,93.42,-26.56230595565531,86745539.62711537,0.715966570608017
1244.HK,思路迪医药股份,2022-12-15,5.97,1.26,-2.93718649275629,-4.58370570356714,18.4147317854283,31.45,29.0,32.3,27.7,1515300.0,6.47,25.9007205764612,医疗保健,24.98,0,0,93.42,16.301918790398624,2206591.4537150254,0.3056943228662066
1947.HK,美皓集团,2022-12-14,41.31,1.37,7.02500497235371,11.0138513829555,15.4761904761905,0.72,0.76,0.82,0.69,67305000.0,-0.12,-14.2857142857143,医疗保健,0.84,0,0,93.42,-13.116541770458365,80157418.10924713,0.23563696648879437
2407.HK,高视医疗,2022-12-12,1.52,1.04,-9.47075951990787,-32.643778128152,6.80933852140078,51.4,51.2,51.4,47.9,521800.0,0.0,0.0,医疗保健,51.4,0,0,93.42,7.472075673659715,995651.9476713352,0.2318006336902621
2440.HK,迷策略,2022-12-12,96.73,1.1,2.4041716219925,10.7015706806283,13.9194139194139,2.0,2.22,2.38,2.0,15743000.0,-0.73,-26.7399267399267,工业,2.73,0,0,93.42,-21.518161754502113,54582683.26228095,0.27461340461086875
6963.HK,阳光保险,2022-12-09,0.13,1.34,0.945098075449593,9.31892727531532,5.48885077186964,5.83,5.83,5.83,5.51,59343500.0,0.0,0.0,金融,5.83,0,0,93.42,-5.457432307186118,49930264.11220849,0.16946220577873697
2245.HK,力勤资源,2022-12-01,1.47,1.4,6.38131640238364,18.2146111120683,1.39240506329113,15.8,15.8,16.02,15.8,16879600.0,0.0,0.0,材料,15.8,0,0,66.5,5.80755305796801,16017101.924982704,0.17963540879710393
3660.HK,奇富科技-S,2022-11-29,2.46,5.3,0.893235171218946,2.34888812075884,3.89766140315811,51.75,50.6,51.95,50.0,284200.0,1.72,3.4379372376574,金融,50.03,0,0,66.5,-1.7430242429494651,893265.2126060147,0.1450650497457423
2436.HK,凌雄科技,2022-11-24,6.16,1.12,-3.57465211658077,-5.02077449068647,13.0263157894737,7.8,7.9,7.95,6.96,9315300.0,0.2,2.63157894736842,信息技术,7.6,1,0,68.49,2.352209689872306,6812762.986397623,0.8131409122257053
1407.HK,交运燃气,2022-11-16,7.15,1.17,5.41042905408984,7.5673873046441,24.6478873239437,1.42,1.52,1.6,1.25,32394000.0,0.0,0.0,公用事业,1.42,1,0,73.1,-7.9801394846858855,27980145.254712425,0.7064784345504378
2420.HK,子不语,2022-11-11,1.91,1.56,9.08624683625756,16.9017450588253,40.7124681933842,8.29,8.36,9.4,6.2,8060000.0,0.429999999999999,5.47073791348599,可选消费,7.86,1,0,73.1,4.4232563315635325,9005086.222509518,0.5798722786669126
6696.HK,多想云,2022-11-09,2.81,1.01,8.60790145553128,23.2992555124141,84.1836734693878,2.0,2.91,3.36,1.71,78714000.0,0.04,2.04081632653061,通讯服务,1.96,1,0,15.25,14.948871958725714,26476474.496997528,0.7196595414822226
2291.HK,心泰医疗,2022-11-08,2.11,1.38,21.4545681194547,140.792656328277,5.3173241852487,29.15,29.8,30.65,29.1,3807000.0,0.0,0.0,医疗保健,29.15,0,0,15.25,17.349656073478812,6539008.593800224,0.09737150763091779
2367.HK,巨子生物,2022-11-04,2.08,4.22,21.2893354123928,26.1392396082943,20.9876543209877,26.7,26.0,31.1,26.0,7243000.0,2.4,9.87654320987654,日常消费,24.3,0,0,15.25,9.031679721267663,8968782.728185706,0.09480257844273884
6610.HK,飞天云动,2022-10-18,1.05,1.07,7.07101162088333,44.6895347710891,15.8371040723982,2.12,2.21,2.33,1.98,37774000.0,-0.0899999999999999,-4.07239819004524,信息技术,2.21,1,0,2.74,35.49294402084573,25373661.22051657,0.7470817945683254
2422.HK,润歌互动,2022-10-17,14.1,1.37,10.4223676383105,22.0818245473642,90.625,1.35,1.3,1.67,1.09,73844000.0,0.71,110.9375,通讯服务,0.64,1,0,2.74,68.52177990471769,53379032.662915476,0.6964844325857683
1489.HK,GC CONSTRUCTION,2022-10-10,7.58,1.04,3.86084124220812,17.5752540423084,30.0,0.55,0.62,0.67,0.52,50050000.0,0.05,10.0,材料,0.5,1,0,16.14,15.9759452010185,32413001.566397723,0.7190395903816197
9877.HK,健世科技-B,2022-10-10,1.52,1.19,7.46497673873191,-19.2508872437659,9.71223021582733,28.25,28.0,30.5,27.8,1466000.0,0.449999999999999,1.61870503597122,医疗保健,27.8,0,0,16.14,-1.8224102580500028,1706730.2681552884,0.2372972815466858
3931.HK,中创新航,2022-10-06,0.21,2.11,2.27893111218145,393.227774002745,3.42105263157896,38.0,38.0,38.45,37.15,47194200.0,0.0,0.0,工业,38.0,0,0,6.85,7.5863143715511345,15382547.700309165,0.12666354267938496
6660.HK,艾美疫苗,2022-10-06,3.15,3.27,3.36790101747698,-23.7852108748348,10.6435643564356,16.66,15.0,16.66,14.94,1170400.0,0.5,3.09405940594059,医疗保健,16.16,0,0,6.85,-1.664987532598286,2376127.991036907,0.20662492072289373
2602.HK,万物云,2022-09-29,0.82,3.3,4.43682083302631,26.3218621780934,10.9422492401216,46.0,45.6,47.45,42.05,18858434.0,-3.35,-6.78824721377913,房地产,49.35,0,0,16.44,-0.08212474704725867,17875162.420459624,0.1536178832265855
9863.HK,零跑汽车,2022-09-29,0.16,2.33,4.12206488927094,-10.4728731052846,26.9791666666667,31.9,41.0,41.0,28.05,22868600.0,-16.1,-33.5416666666667,可选消费,48.0,1,0,16.44,-18.977461481305077,10135262.704254223,0.561420800622992
2350.HK,数科集团,2022-09-26,151.3,1.1,5.03521401283817,8.19966989716027,40.0,0.62,0.9,0.92,0.58,113730000.0,-0.23,-27.0588235294118,信息技术,0.85,1,0,16.44,-24.366014291124333,95735806.29765223,0.8409589387898343
1698.HK,腾讯音乐-SW,2022-09-21,,,1.01611138033288,16.879391325259,,18.22,18.0,18.3,18.0,396800.0,,,通讯服务,,0,0,24.66,6.771467160414224,2871196.6109699635,0.3519600550152761
9886.HK,叮当健康,2022-09-14,7.2,1.7,-5.03836692588657,-8.34045756346626,2.83333333333333,12.0,12.34,12.34,12.0,4346000.0,0.0,0.0,日常消费,12.0,0,0,18.67,-1.7846259029065725,5049689.906170241,0.2553361794784786
2315.HK,百奥赛图-B,2022-09-01,5.93,1.6,6.76121685957114,-15.4564052615804,13.2831086439334,26.0,26.3,28.8,25.45,2302000.0,0.780000000000001,3.09278350515464,医疗保健,25.22,0,1,27.1,2.1054884132236826,2633034.581637836,0.15188587736848402
1880.HK,中国中免,2022-08-25,1.06,4.7,9.07019227901868,27.2961148745517,24.873417721519,158.0,120.0,159.3,120.0,6705900.0,0.0,0.0,可选消费,158.0,0,1,21.52,2.063472482901822,5830829.354925145,0.08722015845121144
2152.HK,苏新服务,2022-08-24,0.71,1.2,1.2789143989278,12.6623708645091,7.20930232558139,8.59,8.2,8.62,8.0,1224500.0,-0.00999999999999979,-0.116279069767439,房地产,8.6,0,0,21.52,-1.6571917138037682,4196119.99150316,0.21871230423899363
2321.HK,双财庄,2022-08-19,19.2,2.1,3.70148368885331,17.290799695764,64.2857142857143,0.79,0.8,1.04,0.68,216050500.0,0.23,41.0714285714286,日常消费,0.56,1,0,21.52,22.99842753427441,71871036.42223875,0.6709814123884609
2562.HK,狮腾控股,2022-08-15,,,,,0.0,10.0,10.0,10.0,10.0,115000.0,0.0,0.0,金融,10.0,0,0,26.71,-6.393392881318146,5130705.1962514,0.2831800576253835
9857.HK,柠萌影视,2022-08-10,0.81,1.38,-6.01687794291089,130.632225336805,4.32432432432432,27.0,27.75,27.75,26.55,1673900.0,-0.75,-2.7027027027027,通讯服务,27.75,0,0,26.71,0.04319264624995076,3269576.6620940794,0.09095191441281061
2237.HK,中国石墨,2022-07-18,26.51,1.06,5.1161219418014,19.3801481481481,253.846153846154,0.79,0.44,1.2,0.375,700536000.0,0.465,143.076923076923,材料,0.325,1,0,37.68,69.28946507491872,211071356.4554925,0.7879985664939028
2172.HK,微创脑科学,2022-07-15,45.27,2.14,-66.9885621297359,484.856394661812,4.26136363636363,24.6,24.7,25.4,24.35,3266918.0,-0.0399999999999991,-0.162337662337659,医疗保健,24.64,0,0,37.68,10.47764605958433,7076584.898212592,0.12140106435977241
1204.HK,博维智慧,2022-07-15,10.69,1.03,3.61196804888591,25.4134899804191,25.0,1.22,1.14,1.35,1.08,40732000.0,0.14,12.962962962963,信息技术,1.08,0,0,37.68,19.43542496972918,43797025.8776653,0.3755209840102377
2418.HK,德银天下,2022-07-15,0.42,1.41,1.30769172487855,8.81257656753575,12.2222222222222,1.8,1.75,1.82,1.6,18556500.0,0.0,0.0,工业,1.8,0,0,37.68,-3.135613463701731,16519060.446462058,0.19104349471745163
9696.HK,天齐锂业,2022-07-13,9.3,5.2,7.66401344351176,30.1526907606454,11.4024390243902,82.0,74.5,82.0,72.65,40339900.0,0.0,0.0,材料,82.0,0,1,55.1,9.509057660578607,39978615.87203333,0.030062233902351167
6661.HK,湖州燃气,2022-07-13,8.08,1.18,0.970120222562177,7.64916384048649,10.3618421052632,5.6,5.98,6.13,5.5,5512500.0,-0.48,-7.89473684210527,公用事业,6.08,0,0,55.1,-11.89317260102625,7927249.764779781,0.44053068113550486
6686.HK,诺亚控股,2022-07-13,3.26,5.9,0.910622282838159,5.57182570557121,5.41095890410957,279.0,285.0,286.4,270.6,47000.0,-13.0,-4.45205479452055,金融,292.0,0,0,55.1,-5.0115577070009145,831102.2650831027,0.11944532474269659
9896.HK,名创优品,2022-07-13,1.4,4.84,2.06121935015636,22.7114351250798,3.91304347826088,13.38,13.2,13.66,13.12,4112000.0,-0.42,-3.04347826086956,可选消费,13.8,0,0,55.1,-3.6559753310843104,5620258.971067622,0.12222316211089744
2385.HK,读书郎,2022-07-12,1.73,1.62,8.0023999567464,25.2249097947557,26.9736842105263,7.2,5.4,7.45,5.4,7787200.0,-0.399999999999999,-5.26315789473684,信息技术,7.6,0,0,55.1,3.637658370017703,7734299.657927565,0.1096811956681245
2361.HK,中康控股,2022-07-12,2.21,1.36,4.73075051936151,25.0219024780176,22.5746268656716,5.36,4.74,5.8,4.59,21540500.0,0.0,0.0,医疗保健,5.36,0,0,55.1,0.6604317164643762,12679182.671492869,0.26701654275020925
2376.HK,鲁商服务,2022-07-08,7.39,1.2,1.61589286937436,6.37057397599261,17.3986486486487,4.43,5.01,5.33,4.3,18134500.0,-1.49,-25.1689189189189,房地产,5.92,1,0,55.1,-17.269883526189734,27405757.409986082,0.7948125730841588
2392.HK,玄武云,2022-07-08,42.13,2.09,10.0804877916475,198.234775458141,10.2564102564103,6.28,6.24,6.55,5.91,11897500.0,0.04,0.641025641025642,信息技术,6.24,0,0,55.1,22.926714222587275,20126733.5753552,0.11714978307534697
2297.HK,润迈德-B,2022-07-08,6.35,1.34,-6.39931384884518,-7.95296619865066,17.6282051282051,5.28,5.6,6.1,5.0,5633000.0,-0.96,-15.3846153846154,医疗保健,6.24,1,0,55.1,-8.93056209124881,6654549.697413885,0.6672732754433585
9955.HK,智云健康,2022-07-06,7.89,2.15,-1.89619389840308,-3.27016804399949,20.8196721311475,28.2,30.5,30.7,24.35,4275800.0,-2.3,-7.54098360655738,医疗保健,30.5,1,0,65.49,-8.696687352811244,4557647.864338419,0.6797904421704364
2391.HK,涂鸦智能-W,2022-07-05,9.95,1.3,1.28574730480578,-8.16243290095602,3.31606217616581,19.3,19.56,19.94,19.3,403400.0,0.0,0.0,信息技术,19.3,0,0,65.49,-6.225949876187817,2053423.301479297,0.36663773476234174
2372.HK,伟立控股,2022-06-30,11.37,1.29,4.08002613939028,11.5467929498137,15.8730158730159,0.63,0.7,0.73,0.63,85252700.0,0.0,0.0,材料,0.63,1,0,60.28,-2.1901788355951632,68417339.47257009,0.6091762970119915
2167.HK,天润云,2022-06-30,1.17,1.27,8.24780317061828,102.517073521158,0.1556420233463,12.84,12.84,12.86,12.84,4948000.0,-0.00999999999999979,-0.0778210116731501,信息技术,12.85,0,0,60.28,16.1102428731828,4551024.901154717,0.13799186372828143
2246.HK,快狗打车,2022-06-24,4.05,1.4,-4.05356899690794,-9.64014028222643,29.906976744186,16.72,21.5,23.15,16.72,15191400.0,-4.78,-22.2325581395349,工业,21.5,1,0,60.28,-10.145580014861737,11149878.7920257,0.6432990233696713
6667.HK,美因基因,2022-06-22,9.62,2.05,5.06951226189928,44.558071098399,16.6666666666667,18.0,19.48,21.0,18.0,3858800.0,0.0,0.0,医疗保健,18.0,0,0,36.82,7.459496444050489,9185504.416626692,0.10812927279941104
2347.HK,友和集团,2022-06-10,8.37,1.23,13.3340106164123,-4666.66666666667,21.4285714285714,2.1,2.28,2.45,2.0,49114000.0,0.0,0.0,可选消费,2.1,1,0,76.93,12.465347084066709,8176928.275444827,0.6631678749503276
2325.HK,云康集团,2022-05-18,1.35,1.39,2.93545469654971,11.1868032215724,24.0811153358682,8.5,7.89,8.5,6.6,31186000.0,0.61,7.73130544993663,医疗保健,7.89,1,0,22.73,-0.1611203248259066,13713413.93451742,0.6461289534129222
2423.HK,贝壳-W,2022-05-11,,,1.42392804822887,-181.951624366916,,30.75,30.0,32.45,30.0,509300.0,,,房地产,,0,0,7.58,-10.79002589187648,1037219.8317250616,0.3196547310778309
2352.HK,东原仁知服务,2022-04-29,4.35,1.56,2.60261668944347,5.03907191249596,6.55462184873949,11.9,11.9,12.2,11.42,3123600.0,0.0,0.0,房地产,11.9,0,0,29.29,-3.595279566183814,4163960.591113324,0.1382387455030462
2390.HK,知乎-W,2022-04-22,1.0,4.37,0.97041672782526,-5.02859327328468,8.26575171553338,24.5,24.95,26.1,23.45,4063808.0,-7.56,-23.5807860262009,信息技术,32.06,0,0,31.82,-16.364657374516092,5528020.368751755,0.17563451986312334
9638.HK,法拉帝,2022-03-31,1.07,2.06,1.73616911420851,23.0415467809185,3.93356643356643,22.85,23.05,23.75,22.85,8018900.0,-0.0299999999999976,-0.131118881118871,可选消费,22.88,0,0,26.58,-1.8554629514054002,6607347.70096218,0.142504559302131
2179.HK,瑞科生物-B,2022-03-31,10.65,1.39,5.91096577352192,-15.0416842540844,5.24193548387097,25.25,25.0,25.8,24.5,3440000.0,0.449999999999999,1.81451612903226,医疗保健,24.8,0,0,26.58,-1.5392949617729021,2874745.575792998,0.29456061307014286
2370.HK,力高健康生活,2022-03-31,1.99,1.14,6.52432544848144,26.3544990665837,49.7560975609756,5.18,4.55,6.55,4.51,3412000.0,1.08,26.3414634146342,房地产,4.1,0,0,26.58,14.899677506343025,6996957.839489125,0.3133148479543386
0587.HK,海螺环保,2022-03-30,,,6.02832099678433,25.2193831159477,,9.77,10.0,15.1,9.77,62784805.0,,,工业,,0,0,26.58,45.459441822909476,23367358.994984206,0.191322059879724
6655.HK,华新建材,2022-03-28,,,0.884989260076752,4.41047287370436,,13.8,14.74,14.74,11.2,1573738.0,,,材料,,1,1,26.58,-9.223630517180224,2024545.017926608,0.5059782161087149
6639.HK,瑞尔集团,2022-03-22,1.74,1.62,-2.71349429224928,-11.3165867060722,11.0807113543092,13.8,14.6,14.6,12.98,6071998.0,-0.819999999999999,-5.60875512995895,医疗保健,14.62,1,0,17.26,-4.492442876478471,4964184.6476512095,0.5570512920400241
0816.HK,金茂服务,2022-03-10,1.2,1.4,21.8763105161287,24.0175160044275,26.9041769041769,5.8,7.4,7.4,5.21,29812837.0,-2.34,-28.7469287469288,房地产,8.14,1,0,26.56,-9.696880754005793,17592625.35204819,0.5274423652388923
9866.HK,蔚来-SW,2022-03-10,,,6.3340964407296,-20.795457838623,,158.9,160.0,169.5,158.8,315020.0,,,可选消费,,0,0,26.56,-13.572103264492723,1067309.0286866785,0.22200822463246372
2157.HK,乐普生物-B,2022-02-23,5.65,1.53,11.5714967489996,-9.57672763378137,8.97615708274894,7.14,7.13,7.34,6.7,15827000.0,0.00999999999999979,0.140252454417949,医疗保健,7.13,0,0,60.97,-1.9190028822580947,10194633.728814088,0.12573290131792034
9878.HK,汇通达网络,2022-02-18,1.67,2.0497,-6.71738941377874,-59.0459299353812,5.81395348837209,45.1,43.55,45.5,43.0,5906700.0,2.1,4.88372093023256,信息技术,43.0,0,0,60.97,10.236757705452018,3976048.9543991657,0.1709529225026092
1406.HK,清晰医疗,2022-02-18,6.17,1.13,9.56593037990409,21.527020604434,9.37500000000001,1.54,1.59,1.61,1.46,42495000.0,-0.0600000000000001,-3.75,医疗保健,1.6,0,0,60.97,13.20918485856158,31048707.32409401,0.46710997574571794
2121.HK,创新奇智,2022-01-27,13.89,2.62,5.02106254664103,-14.0792518630354,28.1368821292776,19.6,26.3,27.0,19.6,20964700.0,-6.7,-25.4752851711027,信息技术,26.3,1,0,75.0,-19.530235353999952,15859220.023501664,0.6233227834879816
2250.HK,小黄鸭德盈,2022-01-17,7.31,1.24,15.9040698448189,37.9708625264128,20.9756097560976,2.39,2.6,2.77,2.34,98218000.0,0.34,16.5853658536586,通讯服务,2.05,1,0,56.93,53.8179989132319,56087519.05318761,0.6037667315689995
6680.HK,金力永磁,2022-01-14,2.39,1.57,6.50341230448128,42.5511862736942,8.28402366863906,28.2,30.8,30.8,28.0,29991800.0,-5.6,-16.5680473372781,材料,33.8,0,1,56.93,-2.1704451170001677,23520929.395785574,0.045596129850061
2260.HK,环龙控股,2022-01-11,13.66,1.31,2.27105768552193,9.62803255146003,20.4918032786885,1.23,1.27,1.48,1.23,96972000.0,0.01,0.819672131147542,可选消费,1.22,0,0,42.49,-4.244005380500567,71346275.99969472,0.3965633685706066
2285.HK,泉峰控股,2021-12-30,7.49,7.27,13.3331119878628,78.0701963863818,14.4495412844037,56.0,51.8,57.3,51.0,16248690.0,12.4,28.4403669724771,可选消费,43.6,0,0,29.14,23.496874361485958,17500763.76268819,0.06677967660973153
2257.HK,圣诺医药-B,2021-12-30,5.68,1.22,-9.37083510644124,-20.2164870603711,21.8512898330804,77.9,65.9,79.2,64.8,1252800.0,12.0,18.2094081942337,医疗保健,65.9,0,0,29.14,7.660900544086936,1699673.515204831,0.3704650220823595
0020.HK,商汤-W,2021-12-30,5.18,1.5,-5.49114538612137,-9.51528984872012,21.8181818181818,4.13,3.91,4.74,3.9,329966696.0,0.28,7.27272727272727,信息技术,3.85,0,0,29.14,1.6496200144161042,21919561.945154224,0.23380347001831378
2185.HK,百心安-B,2021-12-23,1.52,1.16,5.89448991882187,-12.6770564515196,10.0235294117647,20.1,18.88,20.45,18.32,3952000.0,-1.15,-5.41176470588235,医疗保健,21.25,0,0,15.52,-5.8686907980008485,4138490.2361650146,0.33856083813832877
2270.HK,德商产投服务,2021-12-17,1.37,1.17,6.57988186240445,12.3516865449124,13.5135135135135,1.05,1.16,1.2,1.05,15228000.0,-0.0600000000000001,-5.40540540540541,房地产,1.11,0,0,15.52,-3.574596393129525,14597090.719522774,0.26431342478564285
2276.HK,康耐特光学,2021-12-16,1.78,1.12,3.2379353803708,12.7169784776821,10.762331838565,4.55,4.43,4.69,4.21,9628500.0,0.0899999999999999,2.01793721973094,可选消费,4.46,0,0,36.55,-3.363559438007081,7070509.116030077,0.326941140401747
6633.HK,青瓷游戏,2021-12-16,3.64,1.77,28.7450218344281,59.3534727730169,14.9107142857143,10.68,10.2,10.92,9.25,8292100.0,-0.52,-4.64285714285714,通讯服务,11.2,0,0,36.55,4.189273397794516,8634962.372912984,0.049512759170979456
9699.HK,顺丰同城,2021-12-14,2.93,2.41,32.030423334009,-15.4498112432346,9.98781973203411,14.9,15.2,15.4,13.76,26639200.0,-1.52,-9.2570036540804,工业,16.42,0,0,36.55,-5.768979638368003,9894961.079267541,0.1356612691624197
2279.HK,雍禾医疗,2021-12-13,160.06,8.39,17.8901057793743,44.4764073945166,17.2151898734177,16.6,15.76,18.38,15.66,61374598.0,0.800000000000001,5.06329113924051,医疗保健,15.8,0,0,36.55,6.8812203505792215,47236116.21737088,0.025772822539119278
6821.HK,凯莱英,2021-12-10,1.61,4.5,13.6772458304495,113.823865531708,5.51546391752577,370.0,388.0,388.0,366.6,2786448.0,-18.0,-4.63917525773196,医疗保健,388.0,0,1,36.55,5.258694263088451,3643215.5442968765,0.02324066239859348
2273.HK,固生堂,2021-12-10,2.84,4.4,-4.9604904660492,-21.9880248697844,19.3103448275862,29.0,33.4,34.25,28.65,9745100.0,0.0,0.0,医疗保健,29.0,1,0,36.55,-2.6305001119975366,6950310.59469948,0.5346887257962392
1228.HK,北海康成-B,2021-12-10,1.97,2.8,-1.81999563491165,-3.75566052692868,11.3300492610838,8.9,9.8,9.99,8.61,29094750.0,-3.28,-26.9293924466338,医疗保健,12.18,1,0,36.55,-21.0921521034833,13652060.525304664,0.6168078597067195
9898.HK,微博-SW,2021-12-08,2.67,5.5,2.82529399525125,25.356861236755,2.12609970674487,253.2,256.2,258.8,253.0,820980.0,-19.6,-7.18475073313784,信息技术,272.8,0,0,26.67,-4.024882247274268,2574728.605068244,0.12404290878962679
9899.HK,网易云音乐,2021-12-02,8.92,1.7,-6.58664941830239,-11.8428771675662,2.58536585365853,199.9,205.0,205.2,199.9,2253756.0,-5.09999999999999,-2.48780487804878,通讯服务,205.0,0,0,30.0,-2.1513459066689604,4858979.573562953,0.21249306108229277
2265.HK,鸿承环保科技,2021-11-12,24.26,1.02,7.21695752139007,10.5111150758252,15.6862745098039,0.91,1.04,1.05,0.89,51975000.0,-0.11,-10.7843137254902,工业,1.02,1,0,48.99,-7.027506376713977,75224436.31918092,0.7744303939415761
9956.HK,安能物流,2021-11-11,2.8,2.78,-2.2017037249152,60.4710021000779,7.63688760806917,13.48,13.88,13.88,12.82,18019500.0,-0.4,-2.88184438040346,工业,13.88,0,0,23.47,-2.786699763108132,10588114.908879837,0.07147000378493043
2210.HK,京城佳业,2021-11-10,2.88,1.41,2.60032825496242,17.7313319601781,5.91787439613528,8.26,8.28,8.3,7.81,3624390.0,-0.0199999999999996,-0.241545893719802,房地产,8.28,0,0,23.47,3.420042981323439,6438366.635403606,0.1749439520023455
1948.HK,优矩控股,2021-11-08,4.56,2.07,13.9322745848637,24.2673214245489,7.16417910447761,6.4,6.7,6.72,6.24,19203000.0,-0.3,-4.4776119402985,通讯服务,6.7,0,0,23.47,2.7778563845615,17990655.10209972,0.08264694578499965
2251.HK,鹰瞳科技-B,2021-11-05,6.18,2.9,14.5202855559605,-74.032708924982,12.5832223701731,68.0,67.6,74.95,65.5,11495800.0,-7.09999999999999,-9.45406125166444,医疗保健,75.1,0,0,23.47,-2.721962765276031,7670026.162155895,0.03323255411163642
2197.HK,三叶草生物-B,2021-11-05,4.4,3.21,-12.874001865746,-13.8589518955514,10.0149476831091,12.98,13.38,13.56,12.22,33982000.0,-0.4,-2.98953662182362,医疗保健,13.38,0,0,23.47,-1.7059761487838079,20695184.316319473,0.29697806946508715
2252.HK,微创机器人-B,2021-11-02,163.83,16.0,25.4645736982111,-175.903716824047,22.6851851851852,45.8,39.8,49.4,39.6,21828589.0,2.59999999999999,6.0185185185185,医疗保健,43.2,0,0,40.89,6.013391269347629,11005301.199014913,0.07469957062802267
2235.HK,微泰医疗-B,2021-10-19,6.79,4.9,14.9234825482315,-89.8446457337058,3.27868852459016,30.5,31.0,31.45,30.45,6776600.0,0.0,0.0,医疗保健,30.5,0,0,40.46,2.0414063198954313,7511064.81791029,0.07136676172799998
2256.HK,和誉-B,2021-10-13,5.64,4.65,,,,,,,,,,,医疗保健,,0,0,33.95,-6.688629386356841,14450939.136283124,0.2300665035815253
9889.HK,东莞农商银行,2021-09-29,0.22,1.18,1.32328102663844,9.84796194239943,23.8636363636364,8.25,8.0,8.4,6.51,29200300.0,0.33,4.16666666666667,金融,7.92,1,0,15.0,-2.5789999160641686,25873673.95711762,0.6353339668499419
6628.HK,创胜集团-B,2021-09-29,60.7,2.1,-6.07963688257836,-15.6729807634881,7.875,13.24,13.0,13.34,12.08,11079000.0,-2.76,-17.25,医疗保健,16.0,0,0,15.0,-10.469983614732463,11453975.05062934,0.28264369686430935
2216.HK,堃博医疗-B,2021-09-24,11.13,4.1,-8.43876889823721,-21.083014205553,18.1818181818182,15.0,18.0,18.0,14.6,19821500.0,-3.7,-19.7860962566845,医疗保健,18.7,1,0,15.0,-8.449804826555129,9784987.066474695,0.5622009710086914
9869.HK,海伦司,2021-09-10,30.8,25.58,159.122094550933,363.874389009197,13.9099645928174,24.3,23.05,25.75,23.0,71467900.0,4.53,22.9135053110774,可选消费,19.77,0,0,48.93,47.00416752721572,86204205.39823046,0.26802995115134115
6669.HK,先瑞达医疗-B,2021-08-24,654.51,4.86,-16.5197241693175,-105.884566604985,5.79831932773109,17.6,18.32,18.38,17.0,31056400.0,-6.2,-26.0504201680672,医疗保健,23.8,0,0,24.14,-6.334636963577839,38459552.08741146,0.19996460387028508
6609.HK,心玮医疗-B,2021-08-20,333.14,8.3,6.18801038240199,-19.7333769761704,9.35672514619884,129.0,141.2,143.8,127.8,2053800.0,-42.0,-24.5614035087719,医疗保健,171.0,0,0,24.14,-17.313755334775486,7042944.675262028,0.1437134389475002
2015.HK,理想汽车-W,2021-08-12,5.5,7.9,6.77935299331939,-1332.27681237025,2.54237288135593,117.0,118.0,118.5,115.5,5750078.0,-1.0,-0.847457627118644,可选消费,118.0,0,0,15.5,2.0316514248945876,5838874.096263865,0.16387258595400303
6611.HK,三巽集团,2021-07-19,3.22,1.29,2.78397926055041,7.18453327814885,0.421052631578938,4.75,4.76,4.77,4.75,11212000.0,0.0,0.0,房地产,4.75,0,0,32.28,-2.7529965673390926,15414614.580950813,0.1736881188321539
9960.HK,康圣环球,2021-07-16,543.03,13.81,-3.73702582840103,-7.07412136964074,7.66871165644172,9.04,9.78,9.78,9.03,97344700.0,-0.74,-7.56646216768916,医疗保健,9.78,0,0,32.28,2.7764844678022644,98975228.97240786,0.2996331346949504
6616.HK,环球新材国际,2021-07-16,10.79,1.16,3.06518250591442,24.4358793706223,16.9230769230769,3.7,4.1,4.25,3.7,92018100.0,0.45,13.8461538461539,材料,3.25,0,0,32.28,18.94540612446977,63687247.17453472,0.343410593680959
2175.HK,中国通才教育,2021-07-16,4.12,1.47,1.52743015385651,11.4400571584676,11.1111111111111,3.69,3.29,3.7,3.29,22594000.0,0.0,0.0,可选消费,3.69,0,0,32.28,-1.662767785324787,27346663.29371247,0.242101654262858
2205.HK,康桥悦生活,2021-07-16,23.72,1.55,14.691970074813,24.2637013905389,7.33695652173913,3.64,3.68,3.69,3.42,55191001.0,-0.04,-1.08695652173913,房地产,3.68,0,0,32.28,28.372837814276306,58412940.75470494,0.12284431059192231
2215.HK,德信服务集团,2021-07-15,3.08,1.31,33.9451482799526,26.4988002880955,2.61437908496732,3.06,3.06,3.14,3.06,20649000.0,0.0,0.0,房地产,3.06,0,0,27.59,3.1155513005177893,17197967.92398451,0.2256214975240805
2192.HK,医脉通,2021-07-15,592.41,31.2,118.927388404243,211.360395176356,15.4411764705882,31.0,28.9,32.5,28.3,115437252.0,3.8,13.9705882352941,医疗保健,27.2,0,0,27.59,40.6569661058867,114885311.05392373,0.08937696905596879
6909.HK,百得利控股,2021-07-15,43.92,2.28,1.81765778783875,11.8195792053927,31.5909090909091,5.5,5.9,6.44,5.05,115500000.0,1.1,25.0,可选消费,4.4,1,0,27.59,8.84615418687314,79483922.47175391,0.68778416834363
6913.HK,华南职业教育,2021-07-13,6.01,1.99,1.67853859175221,8.69218974199565,15.7232704402516,1.32,1.45,1.55,1.3,87834000.0,-0.27,-16.9811320754717,可选消费,1.59,1,0,27.59,-11.935724438043403,50763059.5469544,0.6247634371222772
2137.HK,腾盛博药-B,2021-07-13,292.0,12.0,-7.84721150618843,-11.4666454622401,15.5056179775281,22.95,21.4,23.75,20.3,67365100.0,0.699999999999999,3.14606741573033,医疗保健,22.25,0,0,27.59,3.3672539356456097,60983319.787393756,0.22851732326204746
2177.HK,优趣汇控股,2021-07-12,25.45,1.83,2.03997776478683,-1160.10798013265,29.9325463743676,9.04,12.22,12.5,8.95,18602000.0,-2.82,-23.7774030354132,可选消费,11.86,1,0,27.59,-12.486480502808744,11325858.451649923,0.5790117884143762
2165.HK,领悦服务集团,2021-07-12,5.23,1.2,10.2018023721949,15.1406410696762,31.2649164677804,4.19,5.2,5.5,4.19,17721000.0,0.0,0.0,房地产,4.19,1,0,27.59,-1.6201636900307241,22501828.286310866,0.8233295863433916
2209.HK,喆丽控股,2021-07-09,145.3,3.2,8.60714116978478,15.727594319334,46.3414634146341,3.46,4.83,4.97,3.45,65735220.0,0.18,5.48780487804879,可选消费,3.28,1,0,27.59,3.5287948761501555,60023625.02848408,0.6774548470673132
1965.HK,朗诗绿色生活,2021-07-08,8.01,1.25,11.8002539277007,23.1078706528371,97.4842767295598,4.5,6.0,7.4,4.3,41167000.0,1.32,41.5094339622641,房地产,3.18,1,0,33.05,36.54318982229287,36523067.276632614,0.7470108504588192
2162.HK,康诺亚-B,2021-07-08,429.97,21.9,-14.16992079873,-18.9467858130456,25.515947467167,68.0,78.0,79.8,66.2,42544600.0,14.7,27.5797373358349,医疗保健,53.3,1,0,33.05,22.85473523791268,58103747.78161949,0.5996213410764493
2219.HK,朝聚眼科,2021-07-07,113.97,17.83,11.0663545374148,65.7218742699716,53.7735849056604,14.1,10.6,16.3,10.6,165726500.0,3.5,33.0188679245283,医疗保健,10.6,0,0,33.05,25.0758384139871,99386043.85997376,0.059027335959634906
9868.HK,小鹏汽车-W,2021-07-07,14.73,8.54,6.82324148242029,-85.9898209545834,5.57575757575757,165.0,168.0,168.5,159.3,10517381.0,0.0,0.0,可选消费,165.0,0,0,33.05,2.304488218767457,7572374.452526033,0.11078258214627755
2190.HK,归创通桥,2021-07-05,1190.37,22.5,38.4541178092895,-162.551589649425,24.1217798594848,60.0,55.0,60.8,50.5,58970950.0,17.3,40.5152224824356,医疗保健,42.7,0,0,33.05,38.417375765382054,30284950.743821595,0.1739702064273296
0606.HK,中骏商管,2021-07-02,1.3,3.65,12.9058919819286,43.2361345671005,9.45945945945945,4.0,3.81,4.1,3.75,97993920.0,0.3,8.1081081081081,房地产,3.7,0,0,33.05,6.600633603403276,36546395.448534206,0.06362848710409373
0013.HK,和黄医药,2021-06-30,5.23,5.0,13.6326487595267,-52.4917154765532,86.284289276808,60.3,51.4,85.8,51.2,34711253.0,20.2,50.3740648379052,医疗保健,40.1,0,0,63.13,27.227763524729518,12678119.72598763,0.05686831405820269
2150.HK,奈雪的茶,2021-06-30,432.03,18.18,-58.2282079854994,-122.41936151909,11.6161616161616,17.12,18.86,18.98,16.68,150646900.0,-2.68,-13.5353535353535,可选消费,19.8,1,0,63.13,9.407745468123393,125826970.72567573,0.6433439193687783
6626.HK,越秀服务,2021-06-28,9.88,2.4,9.88082383531617,30.4974688469267,4.71311475409835,4.88,4.8,4.93,4.7,72173939.0,0.0,0.0,房地产,4.88,0,0,63.13,7.161121071376718,61826382.93401175,0.06979266700146557
2155.HK,森松国际,2021-06-28,23.71,2.36,7.50326150542115,25.8845344437341,233.870967741935,8.9,4.96,10.76,4.96,172411298.0,6.42,258.870967741935,工业,2.48,0,0,63.13,88.65953956246928,128444448.41123214,0.18192359140780898
9858.HK,优然牧业,2021-06-18,3.73,3.88,2.51212467862031,14.6526625386404,14.0401146131805,6.15,6.28,6.33,5.35,204823611.0,-0.83,-11.89111747851,日常消费,6.98,1,0,45.52,-8.446776610830376,52928644.74403441,0.6914575601700002
2171.HK,科济药业-B,2021-06-18,434.57,8.2,-8.54651327144657,-13.4627730458308,17.9878048780488,30.0,27.05,32.5,26.6,54398452.0,-2.8,-8.53658536585365,医疗保健,32.8,0,0,45.52,-5.559190496524935,60625585.35232455,0.22199310130626213
6699.HK,时代天使,2021-06-16,2079.16,114.7,111.539107689697,371.357597072407,66.4739884393064,401.0,400.0,490.0,375.0,14863173.0,228.0,131.791907514451,医疗保健,173.0,0,0,59.22,101.47679654160329,31800664.6886714,0.2574524988214758
9982.HK,中原建业,2021-05-31,4.99,1.72,7.26817188776202,10.7442707886721,12.6666666666667,2.64,2.5,2.78,2.4,85581096.0,-0.36,-12.0,房地产,3.0,0,0,68.96,-8.354250157785366,56698007.84896695,0.10876351315544942
2618.HK,京东物流,2021-05-28,715.61,10.8,-41.5805260234976,-51.7159373439708,16.1050545094153,41.7,46.05,47.75,41.25,158666916.0,1.34,3.32011892963331,工业,40.36,1,0,68.96,25.836457180290836,106696358.30359356,0.6836415419955156
3658.HK,新希望服务,2021-05-25,4.75,1.78,17.7019080785696,23.431282135374,6.31578947368422,3.82,3.8,3.95,3.71,21324000.0,0.02,0.526315789473685,房地产,3.8,0,0,51.43,4.7759508243404305,29153872.532587737,0.09713314659972613
6622.HK,兆科眼科-B,2021-04-29,56.0,5.3,-8.64627772007164,-8.87209775535592,7.85714285714286,14.32,15.52,15.6,14.28,41422944.0,-2.48,-14.7619047619048,医疗保健,16.8,0,0,57.46,-9.543980391190267,51687324.69427721,0.17258183535182137
9961.HK,携程集团-S,2021-04-19,17.78,5.06,1.48684354864869,-45.9534023655963,2.23880597014925,280.2,281.0,281.2,275.2,3543276.0,12.2,4.55223880597014,可选消费,268.0,0,0,54.66,11.781662149862912,5477811.420769339,0.1774519858758023
9959.HK,联易融科技-W,2021-04-09,98.46,14.83,-11.057426404696,-51.3490372333871,8.07736063708761,19.32,19.32,19.98,18.56,206147665.0,1.74,9.89761092150172,信息技术,17.58,0,0,49.61,17.298474461528954,103843531.86605279,0.14846407336981363
6608.HK,百融云-W,2021-03-31,150.67,36.3,-8.7306869077955,-100.674205801837,8.80503144654088,26.7,29.45,29.45,26.65,41548969.0,-5.1,-16.0377358490566,信息技术,31.8,0,0,35.47,8.394848331348738,63334092.885837264,0.24177340903930658
6939.HK,美佳音控股,2021-03-31,22.43,1.71,3.24320214411834,19.6138713043478,13.4920634920635,1.34,1.39,1.46,1.29,70844000.0,0.0800000000000001,6.34920634920635,信息技术,1.26,0,0,35.47,16.480168634831568,83414607.21541822,0.3233302077216489
2195.HK,盈汇企业控股,2021-03-31,21.65,1.08,6.09812436477871,8.74473328563479,15.1785714285714,0.33,0.4,0.41,0.325,105215000.0,-0.23,-41.0714285714286,工业,0.56,1,0,35.47,-26.630051063939348,61986266.99878448,0.8320897470106339
9626.HK,哔哩哔哩-W,2021-03-29,174.19,11.9,33.7189610523849,-85.0916450588557,5.81683168316832,800.0,790.0,800.0,753.0,3285624.0,-8.0,-0.99009900990099,信息技术,808.0,0,0,35.47,4.682811308993992,7050077.69712546,0.10657483176623198
2187.HK,智欣集团控股,2021-03-26,25.24,,3.99666718492654,10.6561410855437,32.0,1.06,1.45,1.52,1.04,64056000.0,-0.44,-29.3333333333333,材料,1.5,1,0,35.47,-18.16076975279827,81523369.58604166,0.6451680986065708
9888.HK,百度集团-SW,2021-03-23,112.01,10.0,3.28402504876426,26.6989248980525,1.984126984127,252.0,254.0,256.6,251.6,14625056.0,0.0,0.0,信息技术,252.0,0,0,46.61,0.8876986842421042,42661827.23200842,0.16153927236238882
1927.HK,久久王,2021-03-16,214.36,1.14,1.40647877727649,8.31749135623214,42.6666666666667,0.55,0.69,0.82,0.5,492150000.0,-0.2,-26.6666666666667,日常消费,0.75,1,0,32.56,-23.488999588361978,193976783.83459154,0.9205278108456559
2518.HK,汽车之家-S,2021-03-15,10.71,4.0,4.33918849284348,22.4599820307885,3.63017583664209,180.0,181.0,184.6,178.2,3664656.0,3.69999999999999,2.0986954055587,信息技术,176.3,0,0,32.56,5.01398522143354,22548068.53361113,0.28184196475961587
1413.HK,铸帝控股,2021-03-11,54.29,1.05,5.19660488480859,10.9352218287857,21.2962962962963,0.42,0.51,0.52,0.405,343420000.0,-0.12,-22.2222222222222,工业,0.54,1,0,48.52,-16.173974011383617,223174068.21789113,0.7504837393973923
6601.HK,朝云集团,2021-03-10,172.32,13.8,36.2008898036208,40.067175441394,15.1086956521739,7.99,7.89,8.71,7.32,216151500.0,-1.21,-13.1521739130435,可选消费,9.2,0,0,48.52,5.058453889250916,161262981.38639453,0.11666798878440689
6127.HK,昭衍新药,2021-02-26,310.0,26.0,25.7250829619901,100.495433215157,6.62251655629139,138.0,148.0,148.0,138.0,11667405.0,-13.0,-8.60927152317881,医疗保健,151.0,0,1,45.27,12.741749349182962,31007557.180052496,0.01121790484009753
1473.HK,环联连讯,2021-02-19,64.15,1.01,5.84155401791958,21.226979191581,37.5,0.71,0.67,0.87,0.66,401916000.0,0.15,26.7857142857143,通讯服务,0.56,0,0,87.76,30.11670409606493,171847265.99081206,0.32055307092739094
2170.HK,贝康医疗-B,2021-02-08,402.8,21.8,22.0979327295786,-7.08843022360818,17.3611111111111,27.7,30.0,32.25,27.5,50895361.0,0.34,1.24269005847953,医疗保健,27.36,0,0,55.14,5.629035225156734,37073635.93555433,0.12451054073740654
2161.HK,健倍苗苗,2021-02-05,22.47,,2.93667071334033,47.0567441860465,144.166666666667,2.16,1.48,3.2,1.47,340447648.0,0.96,80.0,医疗保健,1.2,0,0,55.14,41.794246609735275,118177997.83878002,0.09538849619550062
1024.HK,快手-W,2021-02-05,1204.16,39.0,-6.48102061217696,-8.89342095706034,39.1304347826087,300.0,338.0,345.0,300.0,119899748.0,185.0,160.869565217391,通讯服务,115.0,1,0,55.14,96.73574639378614,96395827.56599723,0.6681646906682144
2160.HK,微创心通-B,2021-02-04,769.0,54.0,-108.572375102085,-94.1484963277246,33.4426229508197,18.82,21.5,22.2,18.12,186931181.0,6.62,54.2622950819672,医疗保健,12.2,1,0,36.09,65.18594212128764,107283577.91596009,0.6265188546433876
6668.HK,星盛商业,2021-01-26,756.85,9.0,21.0736641794782,26.5419941816003,16.0621761658031,4.0,4.4,4.6,3.98,188842000.0,0.14,3.62694300518135,房地产,3.86,0,0,80.35,9.503444545765868,146661736.0803878,0.283468706387689
2159.HK,麦迪卫康,2021-01-19,168.75,1.13,3.9582014580425,30.3185590723315,40.3333333333333,3.79,4.0,4.81,3.6,100585700.0,0.79,26.3333333333333,医疗保健,3.0,1,0,79.9,20.84279423848353,110017824.80911991,0.7899414360135958
9608.HK,宋都服务,2021-01-18,25.24,1.31,3.71498495624811,13.1949194684304,27.6,0.16,0.225,0.227,0.158,535300000.0,-0.09,-36.0,房地产,0.25,1,0,79.9,-24.377733311461824,224803634.46988192,0.7416096527174902
2146.HK,荣万家,2021-01-15,6.62,1.9,6.1615932955684,14.8296306829039,6.2407132243685,12.36,12.8,13.2,12.36,18914000.0,-1.1,-8.17236255572066,房地产,13.46,0,0,79.9,-7.782334701902423,30109576.163947545,0.23693243714423637
1643.HK,现代中药集团,2021-01-15,30.66,1.004,4.71905660377359,10.0080192522453,22.8813559322034,1.26,1.17,1.4,1.13,83169000.0,0.0800000000000001,6.77966101694916,医疗保健,1.18,0,0,79.9,6.697676666126904,94402524.54751104,0.3542532532318042
1490.HK,车市科技,2021-01-15,1274.76,21.7,7.6623423550584,23.5145161739453,26.8292682926829,1.5,1.7,1.83,1.5,285645000.0,0.27,21.9512195121951,通讯服务,1.23,1,0,79.9,28.982690649196346,177165577.55822313,0.6675242583934765
2125.HK,稻草熊娱乐,2021-01-15,403.54,13.41,26.9432249647977,327.042215257732,89.4557823129252,10.8,7.0,11.36,6.1,297221780.0,4.92,83.6734693877551,通讯服务,5.88,1,0,79.9,58.01390921613731,180854913.05583933,0.5677543715098982
2158.HK,医渡科技,2021-01-15,1633.84,33.4,-14.4197861989491,-35.5796194425062,43.9163498098859,65.2,58.25,69.8,58.25,113267366.0,38.9,147.908745247148,医疗保健,26.3,0,0,79.9,112.53567014748353,70763040.5149517,0.29880251328487745
2153.HK,达丰设备,2021-01-13,10.3,1.02,1.60490251544358,22.0320565607384,16.1849710982659,1.58,1.4,1.68,1.4,35519000.0,-0.15,-8.67052023121387,工业,1.73,0,0,79.28,6.138949294416493,41991518.15208904,0.35005794380786126
2129.HK,LEGION CONSO,2021-01-13,443.37,1.5,2.97718197300161,17.5391321553376,37.5,0.35,0.46,0.485,0.335,652243000.0,-0.05,-12.5,工业,0.4,1,0,79.28,-2.6362101742333652,339840640.9238551,0.7521828199544243
8489.HK,裕程物流,2021-01-13,35.9,1.0,2.54644083671558,11.2626219038578,32.4324324324324,0.87,0.74,0.98,0.74,102060000.0,0.13,17.5675675675676,工业,0.74,0,0,79.28,8.572838754325637,103679279.36668329,0.3233110737694929
1440.HK,应星控股,2021-01-13,33.62,,1.97394744136604,10.0429829533785,28.75,0.415,0.42,0.46,0.345,95865000.0,0.015,3.74999999999999,可选消费,0.4,1,0,79.28,1.1764648675527685,101084900.67373773,0.6029047066957154
1855.HK,中庆股份,2021-01-06,36.25,1.01,1.00050512931353,6.92613020947376,17.5,2.05,1.99,2.34,1.99,36098000.0,0.0499999999999998,2.49999999999999,工业,2.0,0,0,70.26,-0.7523756213614138,31349497.552659445,0.53084718770369
9600.HK,新纽科技,2021-01-06,446.57,2.4,13.9517612929963,86.1899903212713,9.63302752293578,4.1,4.12,4.52,4.1,187963200.0,-0.260000000000001,-5.96330275229359,信息技术,4.36,0,0,70.26,6.193996525564132,137695889.21707532,0.2095295772615126
2156.HK,建发物业,2020-12-31,,,7.60305921275202,28.9313605541652,,3.1,3.05,3.36,2.95,7701600.0,,,房地产,,0,0,41.42,47.231567241325955,16467241.998127107,0.12071522085390446
1379.HK,温岭工量刃具,2020-12-30,27.68,1.06,0.681145961817166,13.3841077449379,8.80000000000001,6.06,6.14,6.36,5.81,6768500.0,-0.19,-3.04000000000001,房地产,6.25,0,0,41.42,-12.252944195103742,14820163.287117107,0.48656366114821603
1945.HK,清科控股,2020-12-30,1394.0,8.0,39.7875454696295,90.2915104996379,40.1818181818182,11.6,15.82,15.82,11.4,53394318.0,0.6,5.45454545454545,金融,11.0,1,0,41.42,28.40815022427192,66981503.921660975,0.5740724838597242
1940.HK,CGII HLDGS,2020-12-29,10.09,1.11,1.33539241555289,13.0112722581747,35.036496350365,1.62,1.7,1.93,1.45,105759940.0,0.25,18.2481751824818,材料,1.37,1,0,41.42,5.625927384529901,61434182.87373793,0.6097857871608952
2127.HK,汇森股份,2020-12-29,53.4,,2.04196805517505,8.51167774936961,11.2994350282486,1.8,1.75,1.85,1.65,326768998.0,0.03,1.69491525423729,可选消费,1.77,0,0,41.42,-3.6927107342401415,163426399.89800996,0.3075250264552924
2135.HK,瑞丽医美,2020-12-28,386.0,1.1,8.60495751574287,80.9093802667475,37.5,0.435,0.475,0.51,0.36,819968000.0,0.035,8.74999999999999,医疗保健,0.4,1,0,41.42,51.37108758149923,150531347.46552497,0.7595074415935035
6690.HK,海尔智家,2020-12-23,,,4.28100621510423,24.9822745092245,,25.35,24.0,26.85,22.6,73267754.0,,,可选消费,,0,1,54.6,35.32867999970853,51882574.5689523,0.12353558371959399
1167.HK,加科思-B,2020-12-21,299.59,10.93,-20.8862778126275,-23.098651618891,17.0,14.42,15.98,16.5,14.12,63740716.0,0.42,3.0,医疗保健,14.0,1,0,54.6,4.206216740154709,83300345.13136597,0.48334081400970225
6677.HK,远洋服务,2020-12-17,8.91,3.07,14.8455765974858,30.0455709913609,7.48299319727892,5.85,5.86,5.86,5.42,57092570.0,-0.0300000000000002,-0.510204081632657,房地产,5.88,0,0,60.97,6.948452524036855,54169465.31948661,0.06121098825462019
2131.HK,云想科技,2020-12-17,114.45,6.37,20.6583671368269,79.7842827762086,40.9742120343839,8.12,6.98,9.68,6.82,266573792.0,1.14,16.3323782234957,工业,6.98,0,0,60.97,15.273472346933255,176608141.71548817,0.13021320771345993
6993.HK,蓝月亮集团,2020-12-16,301.33,12.0,29.8689775308331,79.2107222468709,18.8449848024316,14.88,15.32,16.5,14.02,470188158.0,1.72,13.0699088145897,日常消费,13.16,0,0,60.97,13.79529333457967,263731796.79706898,0.1356854884202234
9992.HK,泡泡玛特,2020-12-11,356.74,44.0,144.056322939985,189.293823719486,35.7142857142857,69.0,77.1,81.75,68.0,98464984.0,30.5,79.2207792207792,可选消费,38.5,1,0,60.97,67.87949522384363,139621625.11301738,0.5817535857571429
2142.HK,和铂医药-B,2020-12-10,78.54,8.0,-7.08283623727934,-16.1071003557258,7.4313408723748,11.02,11.94,11.94,11.02,57898000.0,-1.36,-10.9854604200323,医疗保健,12.38,0,0,65.26,-7.232751334849223,40265815.34942924,0.14200551787479399
6999.HK,领地控股,2020-12-10,0.57,1.39,0.975085839126725,9.3552759142844,1.05448154657293,5.69,5.69,5.75,5.69,8522000.0,0.0,0.0,房地产,5.69,0,0,65.26,-0.08907059438287479,20677958.63608924,0.09487590196481194
1209.HK,华润万象生活,2020-12-09,29.78,11.8,53.4906008623631,151.208041038232,25.3363228699552,28.0,30.8,32.9,27.25,167261251.0,5.7,25.5605381165919,房地产,22.3,1,0,65.26,27.43628108730461,123928809.2135598,0.5605327867260173
1153.HK,佳源服务,2020-12-09,2.79,1.63,13.7969132241247,41.5297693870235,5.69948186528497,3.88,3.92,3.92,3.7,23039852.0,0.02,0.518134715025907,房地产,3.86,0,0,65.26,12.046656424995609,23019542.300248336,0.06659888671370423
6618.HK,京东健康,2020-12-08,421.91,31.1,-671.260846158699,-317.069306571868,44.3468404647209,110.0,94.5,123.9,92.6,156499976.0,39.42,55.8515160102012,日常消费,70.58,0,0,65.26,41.2466035585455,110338729.05116399,0.31311771327664173
2110.HK,天成控股,2020-12-07,36.79,,4.26368447329006,15.1889873012485,142.222222222222,0.192,0.285,0.5,0.18,1276890000.0,-0.033,-14.6666666666667,工业,0.225,1,0,65.26,-8.751367151948207,392826770.31870747,0.7462257736425241
6666.HK,恒大物业,2020-12-02,10.71,3.1,48.2664241667707,91.4035108200453,4.43181818181819,8.78,8.84,8.93,8.54,230914935.0,-0.0200000000000014,-0.227272727272743,房地产,8.8,0,0,73.86,5.334778249526864,113100310.33514754,0.09854887341283897
6996.HK,德琪医药-B,2020-11-20,264.76,13.5,-19.6223711353306,-33.7927402617857,7.7433628318584,18.28,19.6,19.68,18.28,62460672.0,0.200000000000003,1.1061946902655,医疗保健,18.08,0,0,77.79,8.50772754815401,71047209.17741263,0.19125096727934346
1516.HK,融创服务,2020-11-19,10.42,4.9,103.466175461526,140.790178511882,23.9655172413793,14.14,11.6,14.24,11.46,189994869.0,2.54,21.8965517241379,房地产,11.6,0,0,83.22,24.635328545113275,91495657.86524594,0.11129001121030777
1795.HK,亚东集团,2020-11-18,18.3,0.91,4.69948317092441,8.47065243809813,26.1904761904762,0.83,0.76,0.93,0.71,150633000.0,-0.01,-1.19047619047619,可选消费,0.84,0,0,83.22,-3.7226874669823378,111695451.2265906,0.3664142315643715
9666.HK,金科服务,2020-11-17,11.17,4.9,52.5018376071523,69.1567709085294,7.38255033557046,44.7,46.05,48.0,44.7,25054200.0,0.0,0.0,房地产,44.7,0,0,83.22,9.044672485842524,52267379.93330359,0.06757331094534352
1351.HK,辉煌明天,2020-11-11,31.32,1.03,5.04090923203502,16.8975516469792,40.9090909090909,1.45,1.67,1.77,1.32,143968000.0,0.35,31.8181818181818,通讯服务,1.1,1,0,80.62,17.362680112530903,151144658.95621032,0.694673265703831
9901.HK,新东方-S,2020-11-09,1.55,6.4,10.879211636064,71.9422227811365,5.79831932773109,1365.0,1381.0,1388.0,1319.0,773621.0,175.0,14.7058823529412,可选消费,1190.0,0,0,80.62,11.141913453703772,2177553.574487491,0.10476015954849932
9995.HK,荣昌生物,2020-11-09,53.43,22.0,-128.937202471898,-69.5115597290222,25.1439539347409,69.8,60.6,73.7,60.6,35718961.0,17.7,33.9731285988484,医疗保健,52.1,0,1,80.62,32.102014316555525,42130229.27725653,0.1526884145510969
2126.HK,药明巨诺-B,2020-11-03,449.42,28.5,-7.86698325453965,-11.7067243364063,15.1260504201681,22.0,24.35,25.45,21.85,48183884.0,-1.8,-7.56302521008404,医疗保健,23.8,1,0,28.99,10.516759840039592,57594510.39996491,0.5573914721492217
9698.HK,万国数据-SW,2020-11-02,6.42,8.4,10.6262133331121,-247.423645939042,3.70919881305638,83.0,81.0,84.0,81.0,12931154.0,2.12,2.62116716122651,信息技术,80.88,0,0,28.99,4.610978710669905,8660753.804829426,0.1460925357775189
3913.HK,合景悠活,2020-10-30,44.46,16.87,28.575588175093,59.4400116132653,11.660329531052,6.08,6.48,7.0,6.08,203370026.0,-1.81,-22.9404309252218,房地产,7.89,0,0,28.99,-0.9183763914980309,148802096.9720874,0.07224968019799423
0873.HK,世茂服务,2020-10-30,13.86,10.9,149.653008776988,90.9890884922568,9.63855421686748,16.6,15.8,16.6,15.0,121612694.0,0.0,0.0,房地产,16.6,0,0,28.99,18.991454605456894,77267244.81114043,0.16311628652978924
9993.HK,金辉控股,2020-10-29,1.72,1.51,0.928234020639751,6.22885950460673,4.65116279069768,4.36,4.18,4.38,4.18,57219000.0,0.0600000000000005,1.39534883720931,房地产,4.3,0,0,65.25,-1.427527908075132,36327147.55140818,0.09182668143799186
2096.HK,先声药业,2020-10-27,589.47,23.0,17.3112342523824,25.536116221034,10.2189781021898,10.98,11.0,11.5,10.1,125443931.0,-2.72,-19.8540145985401,医疗保健,13.7,0,0,65.25,6.753863363432423,109725535.04512846,0.09468182218540636
2169.HK,沧港铁路,2020-10-23,12.0,1.1,1.82232077467654,12.7614895860045,22.1052631578947,1.0,0.97,1.13,0.92,124441200.0,0.05,5.26315789473685,工业,0.95,0,0,65.25,2.5910558433337143,70311064.43268721,0.28759107857522254
2107.HK,第一服务控股,2020-10-22,66.69,6.25,6.48488493099973,20.3970916241882,12.5,1.76,2.0,2.06,1.76,178325000.0,-0.64,-26.6666666666667,房地产,2.4,1,0,37.8,-8.167982191829717,129285380.90478863,0.5924047272477764
1597.HK,纳泉能源科技,2020-10-20,77.19,0.1388,4.46088406243384,10.8959019861323,6.50000000000002,2.07,2.1,2.18,2.05,42478000.0,0.0699999999999998,3.49999999999999,工业,2.0,0,0,37.8,-2.080740415657366,43676929.89142886,0.42659845464460566
2132.HK,誉燊丰控股,2020-10-20,59.05,1.02,3.92993988978305,10.877895621647,15.3846153846154,0.275,0.3,0.305,0.255,289925000.0,-0.05,-15.3846153846154,工业,0.325,1,0,37.8,-13.364299494051805,186987868.84365025,0.7184929931326489
6989.HK,卓越商企服务,2020-10-19,652.06,33.4,30.2792670060537,66.2388437622542,10.4868913857678,11.0,11.4,12.04,10.92,153147300.0,0.32,2.99625468164794,房地产,10.68,0,0,37.8,17.263576853352387,151625007.68497786,0.10974522900782296
8657.HK,TRUE PARTNER,2020-10-16,13.15,1.1,5.32918840901521,-19.8565912851627,24.2857142857143,1.08,1.4,1.4,1.06,26224000.0,-0.32,-22.8571428571428,金融,1.4,1,0,37.8,-16.65411788797654,9282756.546173874,0.7754823597581604
2130.HK,嘉泓物流,2020-10-15,34.31,1.36,2.48535383734964,28.6906072668756,8.27067669172933,2.71,2.66,2.87,2.65,26606000.0,0.0499999999999998,1.87969924812029,工业,2.66,0,0,32.35,15.099034208134638,47546039.83605952,0.28639547618673594
9677.HK,威海银行,2020-10-12,0.61,1.32,1.21883396917193,12.1903875958403,0.298507462686561,3.35,3.35,3.36,3.35,95750000.0,0.0,0.0,金融,3.35,0,0,32.35,-0.9768961448684018,42723799.15464814,0.11204306813074898
1952.HK,云顶新耀,2020-10-09,654.41,27.0,-21.4701199791658,-86.1841475157569,11.1818181818182,72.75,70.55,75.5,69.35,42603070.0,17.75,32.2727272727273,医疗保健,55.0,0,0,32.35,20.279159869337747,62166029.21277567,0.2729007428033457
6998.HK,嘉和生物,2020-10-07,1247.52,33.0,55.0040304926475,-23.0713041657496,20.8333333333333,27.95,29.2,32.2,27.2,98372028.0,3.95,16.4583333333333,医疗保健,24.0,0,0,15.02,27.301064435071694,42267731.32879041,0.14880722442592897
9616.HK,东软睿新集团,2020-09-29,300.07,18.0,6.46051262841008,26.6821635785991,31.5112540192926,6.22,7.8,7.94,5.98,158045200.0,0.0,0.0,可选消费,6.22,1,0,18.0,12.071583313169388,118827233.24603954,0.49776729743588255
2057.HK,中通快递-W,2020-09-29,6.69,5.65,4.72310963596988,31.8827590826704,4.03669724770641,238.0,244.0,245.2,236.4,4253374.0,20.0,9.1743119266055,工业,218.0,0,0,18.0,10.935026227473186,9542487.715531543,0.12127577031938266
9991.HK,宝尊电商-W,2020-09-29,3.6,5.1,7.10257463898431,64.858863247645,3.01568154402895,84.0,85.0,86.0,83.5,4834195.0,1.09999999999999,1.32689987937273,信息技术,82.9,0,0,18.0,4.724772990509901,5017349.930125574,0.05491289467653802
1429.HK,天任集团,2020-09-29,26.76,0.972,9.77212623144059,42.0986160079987,154.285714285714,1.0,0.9,1.12,0.58,555860002.0,0.65,185.714285714286,工业,0.35,1,0,18.0,147.25537784549675,118173791.89124139,0.7861029714312034
9688.HK,再鼎医药,2020-09-28,3.43,6.9,22.8446348301827,-34.5074362619848,2.75800711743772,610.0,613.5,617.5,602.0,1075523.0,48.0,8.54092526690392,医疗保健,562.0,0,0,18.0,6.003200705060699,1645725.6576351486,0.02608806741123596
0909.HK,明源云,2020-09-25,644.25,45.0,193.083603954878,237.749036368539,42.4242424242424,30.7,25.8,32.0,25.0,313365878.0,14.2,86.0606060606061,信息技术,16.5,0,0,18.0,83.20004911277388,151473777.6172392,0.3553879494349673
6988.HK,乐享集团,2020-09-23,1632.92,24.0,13.0650449427494,78.0923538145099,9.02777777777777,2.7,2.7,2.96,2.7,515646600.0,-0.18,-6.24999999999999,通讯服务,2.88,0,0,33.49,21.948741454000437,185537459.45949838,0.19260101046350336
1179.HK,华住集团-S,2020-09-22,3.39,6.6,12.1344880003705,50.6163860682499,2.8956228956229,311.0,305.0,312.0,303.4,3113390.0,14.0,4.71380471380471,可选消费,297.0,0,0,33.49,5.676207068164421,3421344.0819311677,0.04600237501737132
2101.HK,福禄控股,2020-09-18,1258.51,13.73,12.9620598666478,40.7909938242516,17.0786516853933,9.18,9.3,10.66,9.14,124515000.0,0.279999999999999,3.14606741573033,信息技术,8.9,0,0,33.49,14.279767292503022,113844146.87540509,0.21414131286196425
1455.HK,科利实业控股,2020-09-15,7.7,1.1,8.57214106107521,38.0570163299197,125.0,1.32,0.95,1.32,0.82,147750000.0,0.92,230.0,可选消费,0.4,1,0,30.31,147.49850146687547,65631105.876968294,0.8605482647521617
1408.HK,濠江机电,2020-09-11,8.99,1.62,14.3693460263203,36.3083152306975,155.0,2.86,2.1,3.55,2.0,37678000.0,1.86,186.0,工业,1.0,0,0,30.31,113.39094843308348,42492446.71661237,0.11824529441232581
9987.HK,百胜中国,2020-09-10,52.32,8.74,6.82443149798026,29.4512983440186,5.77669902912622,390.2,410.0,410.0,386.2,7743601.0,-21.8,-5.29126213592233,可选消费,412.0,0,0,32.53,1.3340900518480878,27421880.048184667,0.1168239562033667
9633.HK,农夫山泉,2020-09-08,1148.3,60.0,33.570032581665,67.0364902993578,39.7674418604651,33.1,39.8,39.85,31.3,224974561.0,11.6,53.953488372093,日常消费,21.5,1,0,32.53,46.36001563712342,172028636.85316998,0.547350748155443
9913.HK,智勤控股,2020-08-14,19.15,1.08,2.205867087425,10.7320522209035,20.1923076923077,0.425,0.385,0.49,0.385,108128000.0,-0.095,-18.2692307692308,工业,0.52,0,0,59.23,-15.264257630625526,94253690.07872528,0.3170762106069674
3347.HK,泰格医药,2020-08-07,414.39,20.0,20.4693006917135,103.334556780824,8.90000000000001,113.3,119.0,119.0,110.1,33927611.0,13.3,13.3,医疗保健,100.0,0,1,31.01,24.326185727961853,40133127.79815787,0.03152880834064262
1449.HK,立德教育,2020-08-06,27.94,3.8,2.41780433456166,15.8678159222059,13.8095238095238,1.85,1.98,1.99,1.7,117357000.0,-0.25,-11.9047619047619,可选消费,2.1,1,0,30.85,-6.482544196757168,97992414.17628844,0.7209933540086878
0368.HK,德合集团,2020-07-17,10.73,1.09,3.59580574943655,16.6295471417966,39.6825396825397,0.7,0.7,0.9,0.65,61140000.0,0.07,11.1111111111111,可选消费,0.63,0,0,47.96,9.220410756282114,62936911.32974242,0.43190301595599295
9908.HK,嘉兴燃气,2020-07-16,6.73,1.22,3.86681667656253,15.1747346245944,42.2,11.04,14.9,14.92,10.7,4428000.0,1.04,10.4,公用事业,10.0,1,0,68.18,-0.7017927422210599,12119313.219157124,0.7044833998650514
9668.HK,渤海银行,2020-07-16,0.59,1.2,1.18886628016759,9.09517670488417,2.29166666666667,4.8,4.8,4.82,4.71,176242000.0,0.0,0.0,金融,4.8,0,0,68.18,-0.6709762151553246,71329151.5138195,0.23512257542142972
1981.HK,华夏控股,2020-07-15,34.64,22.13,5.62965353055858,39.7590193845217,34.8387096774194,4.92,4.23,5.23,4.15,227265899.0,1.82,58.7096774193548,通讯服务,3.1,0,0,68.18,39.88704788127124,164567026.99567908,0.14684647913839574
1156.HK,中科天元,2020-07-15,9.44,1.17,2.64881404335642,5.83904839904979,74.4897959183673,0.7,1.2,1.38,0.65,128472000.0,-0.28,-28.5714285714286,工业,0.98,1,0,68.18,-19.003581841741337,58076974.796936646,0.810076720821436
9990.HK,祖龙娱乐,2020-07-15,123.01,16.0,84.1750513903423,119.965351740201,29.4827586206897,20.3,17.0,20.3,16.88,144095700.0,8.7,75.0,通讯服务,11.6,0,0,68.18,63.99850883779809,151226120.23166895,0.23992207220048833
9986.HK,大山教育,2020-07-15,4.09,1.15,9.12886432137942,16.3913507331618,14.4,1.12,1.18,1.21,1.03,35856000.0,-0.13,-10.4,可选消费,1.25,1,0,68.18,-2.105446093816385,31902852.965291392,0.8045545536788472
6968.HK,港龙中国地产,2020-07-15,0.28,1.3,4.51804752756465,8.41016069372987,5.34351145038168,3.92,3.93,3.94,3.73,18383000.0,-0.0100000000000002,-0.254452926208657,房地产,3.93,0,0,68.18,-2.9596453043712074,25384876.35727394,0.18881481475496384
6933.HK,新娱科控股,2020-07-15,5.59,1.02,4.72245359961546,12.0619881188119,10.4294478527607,1.7,1.75,1.8,1.63,15738000.0,0.0700000000000001,4.29447852760737,通讯服务,1.63,0,0,68.18,2.388103610064943,25153616.941862095,0.3149625765379266
9906.HK,宏力医疗管理,2020-07-13,14.99,1.4,5.4748332512533,26.3496730278352,16.6666666666667,2.42,2.6,2.6,2.25,52223000.0,0.32,15.2380952380952,医疗保健,2.1,1,0,68.18,22.921022937329955,40569407.10769941,0.5299372444138613
8659.HK,易和国际控股,2020-07-13,11.3,1.23,5.18021736649208,19.9246709916589,60.0,0.76,0.66,0.89,0.65,57400000.0,0.36,90.0,材料,0.4,0,0,68.18,54.53787664885766,61190440.88337539,0.39349757988751166
9979.HK,绿城管理控股,2020-07-10,11.2,5.0,3.48716942980099,17.1235396010703,33.2,3.25,2.65,3.43,2.6,166955357.0,0.75,30.0,工业,2.5,0,0,68.18,20.019467589514978,78226185.02224074,0.28350998092783386
6958.HK,正荣服务,2020-07-10,102.0,18.1,44.9890405553264,47.6125970500579,20.6593406593407,5.6,4.86,5.74,4.8,158980001.0,1.05,23.0769230769231,房地产,4.55,0,0,68.18,25.156343639127716,152238804.91827554,0.22913506563066657
6978.HK,永泰生物-B,2020-07-10,259.58,7.0,41.0397485527578,-63.7249400281247,32.1818181818182,15.48,13.4,16.86,13.32,73620501.0,4.48,40.7272727272727,医疗保健,11.0,0,0,68.18,27.810554868089866,13137416.988470491,0.07468184377918384
8623.HK,中国蜀塔,2020-07-10,29.09,1.14,1.39147801032598,5.84460510392002,24.0,0.217,0.22,0.255,0.183,86350000.0,-0.083,-27.6666666666667,工业,0.3,1,0,68.18,-24.150346052745984,103422029.30841905,0.8719042364398609
1163.HK,虎视传媒,2020-07-10,6.18,,9.97728591256072,28.7301174002098,36.046511627907,1.07,1.05,1.31,1.0,124962500.0,0.21,24.4186046511628,通讯服务,0.86,0,0,68.18,32.3200165285129,54998445.58575867,0.1491716981254843
1477.HK,欧康维视生物-B,2020-07-10,1895.76,76.0,-9.21737327661229,-14.5285881275042,47.4079126875853,37.0,43.0,43.0,36.05,59068833.0,22.34,152.387448840382,医疗保健,14.66,1,0,68.18,124.49259457822338,65472538.40551592,0.6294450455026067
6969.HK,思摩尔国际,2020-07-10,116.0,18.8,217.093371546211,73.3708002726896,47.9838709677419,31.0,28.0,31.0,25.05,318622411.0,18.6,150.0,可选消费,12.4,1,0,68.18,83.7058002307399,242110279.45475528,0.491914056423884
9989.HK,海普瑞,2020-07-08,69.21,7.3,3.15878037049269,21.9041760152059,6.41304347826087,17.66,18.46,18.68,17.5,103317473.0,-0.739999999999998,-4.02173913043477,医疗保健,18.4,0,1,78.91,0.5545240007530868,76451895.56574306,0.08959824126889084
1957.HK,大人国际,2020-07-08,23.5,1.04,1.19673839143918,6.03808053282545,20.625,0.345,0.435,0.5,0.335,191950000.0,-0.455,-56.875,可选消费,0.8,1,0,78.91,-34.04524750578565,113105980.48225856,0.8176340758474914
1971.HK,弘阳服务,2020-07-07,111.82,,7.57880244587163,26.6939740268536,16.144578313253,4.4,4.88,4.88,4.21,70213000.0,0.25,6.02409638554217,房地产,4.15,1,0,78.91,24.46417629379776,77780717.99816985,0.580070622349742
1502.HK,金融街物业,2020-07-06,146.22,,7.7696123634567,28.9940633927977,16.3043478260869,9.46,9.3,10.08,8.88,77547000.0,2.1,28.5326086956522,房地产,7.36,0,0,78.91,25.754593122839477,73938046.29208133,0.34713754668081365
1650.HK,HYGIEIA GROUP,2020-07-03,19.92,0.97,4.04040538681852,17.5890884997058,52.0,0.134,0.25,0.26,0.13,424560000.0,-0.116,-46.4,工业,0.25,1,0,78.91,-0.589833675851966,166527631.2089297,0.7863712875396871
6078.HK,海吉亚医疗,2020-06-29,608.56,25.0,-68.9721331056336,351.401111474338,27.2972972972973,26.0,22.8,27.7,22.65,78681020.0,7.5,40.5405405405405,医疗保健,18.5,0,0,46.85,37.885347310450044,39437777.974422224,0.13412812415805195
9958.HK,力天影业,2020-06-22,11.65,2.68,1.2821355570092,5.54673339045097,36.328125,1.59,2.4,2.52,1.59,32276000.0,-0.97,-37.890625,通讯服务,2.56,1,0,65.76,-22.085652490989403,15335130.260525573,0.6920678658957238
9618.HK,京东集团-SW,2020-06-18,178.9,11.35,7.96362375225774,53.5014653832044,4.60176991150443,234.0,239.0,239.0,228.6,29789263.0,8.0,3.53982300884956,可选消费,226.0,0,0,60.3,13.803646448560457,54137393.43062199,0.09660132133693407
9999.HK,网易-S,2020-06-11,360.53,,6.49851690790555,18.804360265336,4.22764227642276,130.0,133.0,135.2,130.0,54549198.0,7.0,5.69105691056911,信息技术,123.0,0,0,82.0,12.873023134574305,106796866.89329447,0.40851225124491697
1645.HK,海纳智能,2020-06-03,168.29,1.9,5.01125594293178,18.8763692237823,13.0434782608696,1.2,1.21,1.38,1.2,102860000.0,-0.18,-13.0434782608696,工业,1.38,0,0,21.17,-0.8393528706474431,66609025.49271555,0.3123599063983498
2381.HK,蚬壳电业,2020-06-02,37.3,0.13,1.56812153497968,6.21597196199881,28.0,0.141,0.198,0.2,0.13,1217430000.0,-0.109,-43.6,可选消费,0.25,1,0,21.27,-24.650983358087505,139452172.82756832,0.8361518673725687
9923.HK,移卡,2020-06-01,641.38,12.0,-11.8127950816508,77.5068260831375,23.3173076923077,17.66,14.96,18.8,14.92,102492000.0,1.02,6.12980769230769,信息技术,16.64,0,0,21.27,11.903538853750662,45072554.58253842,0.20364268421504098
9939.HK,开拓药业-B,2020-05-22,551.32,8.0,19.2449739265712,-30.5884676541188,14.1439205955335,21.5,20.15,22.95,20.1,68937600.0,1.35,6.69975186104219,医疗保健,20.15,0,0,18.0,5.794524423515299,14670323.644648451,0.038331855856762284
8496.HK,环球友饮智能,2020-05-18,16.4,0.96,16.6091274637799,58.9818355708274,100.0,2.06,1.5,2.35,1.45,30565510.0,1.16,128.888888888889,日常消费,0.9,0,0,38.21,130.64802827939008,35671182.29735397,0.32174408965075435
9983.HK,建业新生活,2020-05-15,142.52,14.9,24.3535232052663,38.4571938073296,11.3868613138686,8.37,8.42,8.66,7.88,215540000.0,1.52,22.1897810218978,房地产,6.85,0,0,38.21,18.770204581686286,169025379.34782025,0.07326549126885902
9996.HK,沛嘉医疗-B,2020-05-15,1184.41,,-25.2572639978933,-26.5025674177793,10.4166666666667,25.8,26.8,27.15,25.55,93141270.0,10.44,67.96875,医疗保健,15.36,0,0,38.21,54.450379482009765,53555807.197662845,0.3034570510260473
1147.HK,伊登软件,2020-05-13,115.63,1.39,3.03367178815928,11.8960518168486,39.2,0.163,0.211,0.255,0.157,861020000.0,-0.087,-34.8,信息技术,0.25,1,0,48.79,-22.249790862602186,215377450.4440964,0.632873726320915
1936.HK,利特米,2020-05-13,5.33,1.04,8.63966011999763,53.051594270885,128.0,2.76,2.01,2.98,1.7,52224000.0,1.76,176.0,日常消费,1.0,1,0,48.79,116.05855413572817,35539542.2789914,0.8195114725443969
1376.HK,RAFFLESINTERIOR,2020-05-07,14.17,1.01,8.78996399495823,23.5176074198872,46.0,0.63,0.74,0.84,0.61,111376000.0,0.13,26.0,可选消费,0.5,1,0,60.57,38.23353273811845,69293954.9734333,0.7232003922121076
1953.HK,RIMBACO,2020-04-28,15.9,0.92,3.3700350308467,26.1153578190513,56.25,0.475,0.58,0.59,0.365,179125000.0,0.075,18.75,工业,0.4,1,0,33.85,30.442435584390008,64047525.32591412,0.7760019168427086
9926.HK,康方生物,2020-04-24,639.2,,-2608.99423660341,-49.5293968873295,13.2880098887515,24.3,23.5,25.5,23.35,98779166.0,8.12,50.185414091471,医疗保健,16.18,0,0,33.85,40.21525280090016,65722238.548790365,0.21172557303505676
8616.HK,新威工程集团,2020-04-23,34.7,,4.12952121845167,26.3157894736842,72.9166666666667,0.51,0.375,0.51,0.335,219115000.0,0.27,112.5,工业,0.24,1,0,31.01,63.92537788291175,120323111.10730602,0.6165041579855568
8620.HK,亚洲速运,2020-04-20,196.21,1.09,3.69443909948047,-64.4025157232704,83.0,0.32,0.7,0.7,0.285,352500000.0,-0.18,-36.0,工业,0.5,1,0,31.01,-10.612664320214241,52889315.6257202,0.7529930238797875
3390.HK,满贯集团,2020-04-15,6.79,1.7,6.48867860763772,14.0876073079463,24.8322147651007,0.96,1.28,1.33,0.96,42646000.0,-0.53,-35.5704697986577,医疗保健,1.49,1,0,31.56,-15.54864127975067,29135812.085579094,0.5890782622930549
6063.HK,智中国际,2020-04-15,14.15,1.39,22.1636900937942,40.4004918320745,102.0,0.69,0.5,0.75,0.495,136352000.0,0.44,176.0,工业,0.25,0,0,31.56,119.69383940440794,78202006.26055048,0.2244852231892214
1942.HK,马可数字科技,2020-04-15,40.04,1.02,2.45829692241197,12.7840461238532,33.5,0.5,0.81,0.83,0.495,122928000.0,-0.5,-50.0,可选消费,1.0,1,0,31.56,-23.54342993067564,106006104.5348514,0.7136009193243557
1463.HK,C-LINK SQ,2020-03-27,11.15,1.07,7.56013831265211,27.7963807477821,38.0952380952381,0.86,1.09,1.09,0.85,80452681.0,0.23,36.5079365079365,工业,0.63,1,0,3.6,55.96183190295189,52221501.021525495,0.8554382103424313
9969.HK,诺诚健华,2020-03-23,298.75,,-3.66049098488607,-5.1362545541476,11.1731843575419,9.81,9.4,10.4,9.4,115987958.0,0.860000000000001,9.60893854748605,医疗保健,8.95,0,1,0.4,4.53282256324357,69675318.05039781,0.26167791522198836
6918.HK,奇士达,2020-03-18,20.4,1.05,1.39325097957108,11.8274803216251,21.7391304347826,0.9,1.1,1.13,0.83,48916000.0,-0.48,-34.7826086956522,可选消费,1.38,1,0,0.08,-19.570687702564314,46031029.163639896,0.7768278437463075
1961.HK,多牛科技,2020-03-17,23.06,1.32,5.92084802158273,18.3850883900763,18.5185185185185,1.4,1.45,1.53,1.28,79743500.0,0.0499999999999998,3.70370370370369,通讯服务,1.35,1,0,0.08,31.422816326412946,77463617.68340303,0.73462003095143
1472.HK,生兴控股,2020-03-17,2.47,1.35,8.30136637812724,30.218106494456,148.0,1.24,0.9,1.5,0.76,75589000.0,0.74,148.0,工业,0.5,1,0,0.08,73.07089398108884,38281096.515784144,0.6620428890444906
1941.HK,烨星集团,2020-03-13,1948.62,,8.1026628627023,23.8154664193523,17.9487179487179,1.72,1.47,1.75,1.47,143140000.0,0.16,10.2564102564103,房地产,1.56,0,0,0.08,15.119509519765263,80990895.11336921,0.32579407416163825
1433.HK,常达控股,2020-03-12,74.68,1.55,2.08376745155241,11.8431960838498,14.4,0.15,0.161,0.184,0.148,259330000.0,-0.1,-40.0,材料,0.25,0,0,14.0,-18.910768906714463,141347971.02430755,0.2506830376284285
1343.HK,伟源控股,2020-03-12,4.79,,4.1297948165604,21.499459231906,75.0,0.79,0.7,0.89,0.53,79531000.0,0.31,64.5833333333333,工业,0.48,1,0,14.0,39.03201114573842,46745410.56567153,0.6238571649088648
9936.HK,稀美资源,2020-03-12,15.74,1.08,1.70159082969432,7.83222333888474,11.6591928251121,2.03,2.0,2.16,1.9,28920000.0,-0.2,-8.96860986547086,材料,2.23,0,0,14.0,-12.841307020779013,32181932.457660995,0.5292163213146103
1950.HK,帝王实业控股,2020-03-12,12.47,1.92,3.16582678474907,18.9374813463771,20.1923076923077,0.51,0.5,0.58,0.475,35876000.0,-0.01,-1.92307692307692,材料,0.52,0,0,14.0,10.540311427859578,37367358.78121436,0.24112535397868518
9916.HK,兴业物联,2020-03-09,1414.06,8.11,6.38046807017544,20.6798783157536,26.6331658291457,2.03,1.81,2.31,1.78,177677000.0,0.0399999999999998,2.01005025125627,房地产,1.99,0,0,14.0,13.308290333371458,113477027.89905544,0.2576872954232379
2263.HK,富石金融,2020-02-19,130.35,2.63,2.12716172810619,10.5873322569546,34.0,0.4,0.56,0.57,0.4,391670000.0,-0.1,-20.0,金融,0.5,1,0,47.67,-14.419868213397185,181852484.8807663,0.6728892123769036
9929.HK,澳达控股,2020-02-14,5.57,,3.46702201988346,25.9007945411011,36.0,0.255,0.33,0.345,0.255,118960000.0,0.005,2.0,工业,0.25,1,0,47.67,18.745060596940565,73229099.49502799,0.5377885124520841
1601.HK,中关村科技租赁,2020-01-21,5.8,1.5,1.3039616093523,13.1310639277167,10.5263157894737,1.52,1.45,1.54,1.38,54942000.0,0.0,0.0,金融,1.52,0,0,91.61,-1.8231421350179906,46095387.12724897,0.13428228869319328
1442.HK,鹰辉物流,2020-01-21,10.46,1.05,4.30516404057769,18.4089963597536,14.5161290322581,0.34,0.335,0.37,0.325,96540000.0,0.03,9.67741935483872,工业,0.31,0,0,91.61,27.238862133886887,67854812.7478171,0.28669159926449717
9933.HK,GHW INTL,2020-01-21,21.7,0.002,2.73671025296346,10.7713951970316,24.5098039215686,0.35,0.44,0.475,0.35,100384000.0,-0.16,-31.3725490196078,材料,0.51,1,0,91.61,-21.273777912884,80961388.7120942,0.7002653197829899
1745.HK,驴迹科技,2020-01-17,84.66,2.8,3.61118665745931,14.9287566835008,20.7547169811321,1.9,1.73,2.11,1.67,283926000.0,-0.22,-10.377358490566,信息技术,2.12,0,0,91.61,-10.10529654488989,206751158.28819764,0.3588225156514488
9938.HK,华和控股,2020-01-17,16.69,,7.51187815733629,24.0891297801867,80.0,0.8,0.47,0.86,0.46,144245000.0,0.3,60.0,工业,0.5,0,0,91.61,58.17237860550773,85938864.54547802,0.15446167657472296
1937.HK,佳辰控股,2020-01-17,7.63,0.89,1.78596220800476,15.7113246073298,10.377358490566,0.335,0.38,0.39,0.335,152890000.0,-0.195,-36.7924528301887,工业,0.53,1,0,91.61,-18.054916024124104,73142980.72851038,0.6604490771780982
1925.HK,旷世芳香,2020-01-16,17.66,1.07,1.73655112529155,12.3644687275341,18.75,0.96,0.96,1.14,0.9,41068000.0,-0.32,-25.0,日常消费,1.28,0,0,83.08,-18.299651324936736,45401865.77586109,0.2677742840035871
1525.HK,建桥教育,2020-01-16,4.52,2.49,2.40410327347964,19.455467389571,8.92561983471074,6.81,6.7,7.14,6.6,36120700.0,0.76,12.5619834710744,可选消费,6.05,0,0,83.08,7.519711436521152,40584770.00019395,0.27636622415043877
1412.HK,隽思集团,2020-01-16,6.81,0.07,1.09486114982872,6.94286256643888,13.5593220338983,1.1,1.15,1.16,1.0,25950000.0,-0.0799999999999998,-6.77966101694914,材料,1.18,1,0,83.08,-11.997243315471456,25407754.884269513,0.7993375000051747
9919.HK,艾德韦宣集团,2020-01-16,113.75,2.08,18.7854751886729,37.5421161867263,16.3366336633663,1.57,1.8,1.9,1.57,165250020.0,-0.45,-22.2772277227723,通讯服务,2.02,1,0,83.08,26.47468646818939,118997038.19922352,0.5232638833679024
0301.HK,三和精化,2020-01-16,37.75,1.05,4.66366733470488,16.4793953833299,23.8461538461539,1.03,1.3,1.3,0.99,47154000.0,-0.27,-20.7692307692308,材料,1.3,1,0,83.08,-14.202107370384216,92715585.36767077,0.7331441731231485
1740.HK,新石文化,2020-01-16,1212.16,4.19,1.80675220496921,25.2515302835052,70.0,0.7,0.98,1.02,0.67,587416000.0,0.2,40.0,通讯服务,0.5,1,0,83.08,33.69018246814931,227947203.14269787,0.6839053505351991
9968.HK,汇景控股,2020-01-16,0.32,1.17,5.78703345841644,14.9133636133184,12.9533678756477,1.95,1.94,1.98,1.73,48596000.0,0.02,1.03626943005181,房地产,1.93,1,0,83.08,-1.5058724897288656,25174997.410133455,0.669309253374295
3718.HK,北控城市资源,2020-01-15,2.7,1.42,1.36948539546372,8.82955127111414,13.0434782608696,0.69,0.69,0.7,0.61,241712000.0,0.0,0.0,工业,0.69,1,0,83.08,-1.3407568726517365,46857981.3121204,0.5941015424657309
9922.HK,九毛九,2020-01-15,637.82,18.5,92.6195381750421,74.9726245735765,18.4848484848485,10.32,9.5,10.32,9.1,372920749.0,3.72,56.3636363636364,可选消费,6.6,0,0,83.08,49.284988842939754,294747693.43893015,0.35962224949260935
1416.HK,CTR HOLDINGS,2020-01-15,18.17,,2.84641592445049,9.42014595915516,16.6666666666667,0.255,0.25,0.31,0.25,145810000.0,-0.105,-29.1666666666667,工业,0.36,0,0,83.08,-18.924309815920815,120657695.24582632,0.297781797505712
1802.HK,文业集团,2020-01-14,12.62,0.95,1.22164940253142,14.4756581340788,33.9622641509434,1.09,0.98,1.25,0.89,78444000.0,0.03,2.83018867924529,工业,1.06,0,0,83.08,-0.6195855280652028,56701235.565613165,0.45545834979504357
8500.HK,天泓文创,2020-01-14,15.1,1.15,-568.071160142349,-3.77469308803708,25.8992805755396,0.99,1.18,1.35,0.99,17508000.0,-0.4,-28.7769784172662,通讯服务,1.39,1,0,83.08,-1.1799609897837058,12502347.750197127,0.7840247302158879
2528.HK,尚晋国际控股,2020-01-13,17.7,1.14,2.44664717169263,15.7115953726123,16.0,1.46,1.63,1.67,1.35,44374000.0,-0.54,-27.0,可选消费,2.0,1,0,83.08,-19.477934481333165,60735179.070675775,0.6613739438053153
8646.HK,中国宏光,2020-01-13,27.9,0.9905,1.91078663618526,7.96413174775856,27.2727272727273,0.79,0.95,0.98,0.77,28230000.0,0.02,2.5974025974026,工业,0.77,1,0,83.08,2.322674769833289,49247243.79591056,0.6872288759812037
9918.HK,丽年国际,2020-01-10,35.19,0.14,9.5484613172275,14.9146451033243,13.2,0.249,0.24,0.265,0.232,316696000.0,-0.001,-0.4,信息技术,0.25,0,0,83.08,1.4844230613753775,162689618.9586145,0.40483887788967654
9998.HK,光荣控股,2020-01-08,48.73,1.03,2.10653943339472,14.0434775710919,20.0,0.6,0.6,0.68,0.55,143815000.0,-0.05,-7.6923076923077,工业,0.65,0,0,81.64,-6.514649263862792,141030685.59361744,0.35123040550242535
,,,,,,,,,,,,,,,,,0,1,,-8.866124654465699,38100362.751367584,0.11112023612851038
数据来源：Wind,,,,,,,,,,,,,,,,,0,1,,-8.866124654465699,38100362.751367584,0.11112023612851038
